id,domain,status,purchase_price,renewal_price,attractiveness,demand,length,registrar,created_at,expires_at,status_verified_at
12da5c02-f1de-4cc8-9f72-b55e4ae5626d,intermediate.fans,premium,26.08,51.95,high,low,12,spaceship,,,30/09/2026 11:48
595c3a21-f7a7-45c0-a0e8-85e0b947841f,disappoint.fans,premium,51.95,103.7,medium,low,10,spaceship,,,29/09/2026 14:14
f617d27e-5b06-497c-8f50-6329397864bd,ternion.fans,available,4.98,13.98,medium,low,7,namecheap,,,
576a7f01-f7cb-40f7-bbc4-6e65f34b1435,flooding.fans,available,4.18,8.46,medium,low,8,spaceship,,,29/09/2026 00:57
4611bf35-6506-4608-9a8a-aeeee109fb6b,zig.fans,premium,130,260,high,low,3,namecheap,,,13/09/2026 15:15
f63df9d1-1249-45df-ade2-09cd5bd83588,throwaway.fans,available,4.98,13.98,medium,low,9,namecheap,,,11/08/2026 05:13
81b19db0-aa82-4350-a7e6-c9c834d2a812,sugared.fans,available,4.98,13.98,medium,low,7,namecheap,,,11/09/2026 01:16
8c854126-6443-4896-b19c-19602e06f79d,walk.fans,premium,640,640,high,low,4,namesilo,,,27/09/2026 02:47
7f6c4961-6d07-4745-bb23-6f3eb46464cb,sharps.fans,premium,116,116,medium,low,6,namesilo,,,20/09/2026 09:14
907bb361-93a0-4e63-bfd6-162323f592fd,posh.fans,premium,65,130,high,low,4,namecheap,,,12/08/2026 09:53
768b409b-542d-4873-aab4-a0bbf99a1bb1,honest.fans,premium,195,390,high,low,6,namecheap,,,21/08/2026 13:19
e3fb15ad-efc0-464a-9251-aa0e8a233d24,cpr.fans,premium,384,384,high,low,3,namesilo,,,24/09/2026 12:51
ea7e9503-4e94-4ec4-9438-3a1ea28df610,presidential.fans,premium,116,116,high,low,12,namesilo,,,27/09/2026 17:17
e10922f5-b173-43ee-bc26-a46455232ebc,percival.fans,premium,53.92,53.92,high,low,8,namesilo,,,28/09/2026 16:27
4515dccc-f164-4c7a-bdb3-2024d69412a9,encodes.fans,available,8.2,8.2,low,low,7,cloudflare,,,28/09/2026 17:50
82659009-7d39-480e-8a30-ba48bbe1c191,novi.fans,premium,110,110,high,low,4,dynadot,,,28/09/2026 21:12
aebcf706-0453-4f2d-9475-eac56527ccd5,abvolt.fans,available,4.98,13.98,medium,low,6,namecheap,,,16/09/2026 19:39
6d217cc6-b64a-44ad-ad33-03dfb67dc00a,inst.fans,available,4.98,13.98,high,low,4,namecheap,,,22/08/2026 07:26
6e780b5f-3fd0-44be-a448-bbd9ad39b3df,kashmiri.fans,available,4.98,13.98,medium,low,8,namecheap,,,22/08/2026 15:07
d3d0fcdd-428e-44a0-ae62-2464c887da55,granth.fans,available,9.88,9.88,medium,low,6,namesilo,,,17/09/2026 08:05
bf6fa422-28dd-4d90-9594-8730b1666b00,megalithic.fans,available,4.98,13.98,medium,low,10,namecheap,,,24/08/2026 19:24
cd960666-cef4-4697-a235-202f1597d544,edified.fans,available,4.98,13.98,medium,low,7,namecheap,,,15/08/2026 09:32
883202c9-cdf2-4dd7-b4cd-cb4f9ad383ae,repeatedly.fans,available,4.98,13.98,medium,low,10,namecheap,,,15/09/2026 23:12
65f71fdb-b5df-482f-9f39-b40a47aababd,allemande.fans,available,9.88,9.88,medium,low,9,namesilo,,,18/09/2026 10:46
2d855a15-25c1-47af-a1fa-51d8215838c4,warily.fans,available,9.88,9.88,medium,low,6,namesilo,,,16/09/2026 11:20
af61854d-aa3a-4e26-8c43-72f4e83f265b,carroll.fans,premium,,,high,low,7,,,,29/09/2026 18:13
e46e2bc4-9699-4f35-8e5a-e74e69ca9ac9,adman.fans,available,4.98,13.98,medium,low,5,namecheap,,,17/09/2026 08:40
50924651-4440-4d51-bcab-2fd8d13cc359,implacable.fans,available,4.98,13.98,medium,low,10,namecheap,,,21/08/2026 22:31
d5267593-db45-4141-8fbb-d9495b50460c,cones.fans,premium,116,116,high,low,5,namesilo,,,30/09/2026 15:18
bd2697a8-8926-48f8-9f9f-46b5b31ebea6,lacks.fans,available,9.88,9.88,low,low,5,namesilo,,,29/09/2026 10:48
c010127b-0a81-42c9-be6c-eb1b357658ec,carve.fans,premium,279.96,279.96,high,low,5,name.com,,,13/08/2026 12:51
15ac1583-598f-4199-bae1-dcd08606f09a,hairless.fans,available,4.98,13.98,medium,low,8,namecheap,,,20/08/2026 22:13
18672ef4-ac9d-4d07-afa3-1a61703c6770,depart.fans,available,3.6,8.75,high,low,6,porkbun,,,28/09/2026 20:27
25e84a66-dd27-4ba3-987c-a774557e1c6d,gather.fans,premium,130,260,high,medium,6,namecheap,,,23/09/2026 20:27
a1fed2a9-833a-4dc1-8ab5-5ca22f48a854,patchy.fans,available,4.98,13.98,medium,low,6,namecheap,,,08/09/2026 10:20
b236c73e-38e9-42f2-91ff-efca41d89957,lavas.fans,premium,,,medium,low,5,,,,01/10/2026 17:44
3407906f-4327-4bb1-8dde-bf5cd9f59492,miscellany.fans,available,4.98,13.98,medium,low,10,namecheap,,,25/08/2026 08:20
caf25ee1-7f14-4496-8f81-9b00189ca235,actionable.fans,available,4.98,13.98,high,low,10,namecheap,,,21/09/2026 16:28
be904b59-f4bc-4f59-a786-314d535c1575,audiometry.fans,available,9.88,9.88,medium,low,10,namesilo,,,21/09/2026 02:58
13d8f583-96c1-4ef9-b334-f10c135475dd,bewitch.fans,premium,32.5,65,high,low,7,namecheap,,,21/08/2026 07:41
7113bfb9-2868-4e4f-b3f2-6027399f212f,barbed.fans,premium,32.5,65,medium,low,6,namecheap,,,08/08/2026 16:36
b05453fa-a4e4-4e29-b028-f5ede6eb7fda,erbium.fans,available,9.88,9.88,medium,low,6,namesilo,,,20/09/2026 23:37
2ee5176d-446c-44ca-a9cc-a323e240aca6,saif.fans,available,9.88,9.88,medium,low,4,namesilo,,,01/10/2026 23:18
1eefe537-c1df-4c01-bcd0-28b16b267500,canceled.fans,premium,24.48,48.44,medium,low,8,porkbun,,,27/09/2026 22:41
38b64699-5363-4561-b4f7-6ca1e4f5df01,allis.fans,available,9.88,9.88,medium,low,5,namesilo,,,18/09/2026 11:06
62a120db-c312-4e01-b07e-008219048d21,husky.fans,premium,32.5,65,high,medium,5,namecheap,,,09/08/2026 07:59
f0c67b33-832e-4354-a211-c477b8d54d47,forests.fans,premium,139.98,139.98,medium,low,7,name.com,,,18/09/2026 06:04
d023f25f-7cd6-4732-8447-fd149041700a,pancreatic.fans,available,9.88,9.88,medium,low,10,namesilo,,,05/09/2026 00:36
102caf6a-7c33-4157-bec7-d5bf4f668335,mutual.fans,premium,53.92,53.92,high,low,6,namesilo,,,25/09/2026 22:40
dd5eec9f-8348-4f33-bcd0-6f839ee2c12a,calender.fans,premium,65,130,medium,low,8,namecheap,,,29/09/2026 05:50
3dc42aa3-a0ce-4592-9739-a53b87263bff,anion.fans,available,4.98,13.98,medium,low,5,namecheap,,,19/09/2026 09:23
867bfc91-ebac-4212-9624-11ae310066a5,windward.fans,available,4.98,13.98,high,low,8,namecheap,,,13/09/2026 12:22
b42dab34-5d49-4d27-8f3c-f658f0b168e3,loos.fans,available,4.98,13.98,medium,low,4,namecheap,,,17/09/2026 09:32
0a11e301-fbef-427e-96c7-2b8fa68c746c,hensley.fans,premium,116,116,medium,low,7,namesilo,,,02/10/2026 00:43
888da4c5-4bd5-4951-9d15-7dea0c78391e,latch.fans,available,4.18,8.46,high,low,5,spaceship,,,30/09/2026 09:22
8b3f0143-a3ce-444a-b6bc-7b97a91e5884,basuto.fans,available,9.88,9.88,medium,low,6,namesilo,,,22/09/2026 13:01
f5f9bf5b-8dd8-493a-ba21-e8584f2af8a8,featuring.fans,premium,,,high,low,9,,,,29/09/2026 14:52
6ebbcde8-0a6a-4a41-ad16-39a95cd93f5a,unentitled.fans,available,4.98,13.98,low,low,10,namecheap,,,12/09/2026 09:07
f5b02318-4609-4603-949d-18ba4bd797f9,tempting.fans,available,9.88,9.88,high,low,8,namesilo,,,22/09/2026 01:44
35ee31a1-731c-4130-b2de-ae8ff7ec73fb,concludes.fans,available,4.18,8.46,medium,low,9,spaceship,,,29/09/2026 05:51
7c5b2780-7c53-43b6-a2eb-200532b0cbd9,ethereal.fans,premium,32.5,65,high,low,8,namecheap,,,21/09/2026 21:04
a59635de-aa29-406d-9d79-24fe419168bb,cnc.fans,premium,384,384,high,low,3,namesilo,,,30/09/2026 14:22
d7785246-2d09-47ff-8bc4-0b8e72654d49,marcia.fans,premium,26.08,51.95,high,low,6,spaceship,,,28/09/2026 03:56
682fc158-8211-4c9f-849f-bd501f87e012,undergraduate.fans,available,4.18,8.46,medium,low,13,spaceship,,,01/10/2026 06:13
24c46057-1bad-497e-a27d-722db04d19c0,epochal.fans,available,4.98,13.98,medium,low,7,namecheap,,,17/08/2026 11:24
2c2b90bd-c3bf-40df-b5bc-1f5f2a6f409b,indolent.fans,available,4.98,13.98,medium,low,8,namecheap,,,17/08/2026 20:53
7b0c4185-9653-4d2b-b9fc-6f58377bf169,pyrrhic.fans,available,4.98,13.98,medium,low,7,namecheap,,,09/09/2026 07:12
517ffc87-1770-4ad6-a6cc-4d1ccf3506b1,repay.fans,available,9.88,9.88,high,low,5,namesilo,,,28/09/2026 06:39
5b77dd9b-67ae-42e7-ad07-4f79cdbe5935,mounting.fans,available,4.18,8.46,high,low,8,spaceship,,,29/09/2026 00:26
afc88200-8d1d-47b7-b713-75da1027ab89,biform.fans,available,4.98,13.98,medium,low,6,namecheap,,,09/08/2026 20:07
75f13040-23cf-41c9-931d-443453805de4,unfretted.fans,available,4.98,13.98,medium,low,9,namecheap,,,12/09/2026 10:45
186fc421-b58e-4cff-89ef-743f17121dfb,glibly.fans,available,4.98,13.98,medium,low,6,namecheap,,,14/09/2026 21:34
eef75cea-fbe4-4355-81ed-ec117de997a9,exhausted.fans,available,4.98,13.98,medium,low,9,namecheap,,,14/08/2026 14:43
e0a0c64f-7744-489f-b621-267d34b44b89,drifter.fans,premium,32.5,65,medium,low,7,namecheap,,,13/09/2026 00:50
2497207f-7830-454c-a487-62bd1b33880a,offerings.fans,premium,53.92,53.92,medium,low,9,namesilo,,,18/09/2026 10:39
c8708362-574f-481c-be1d-a926a7a79fe3,obey.fans,premium,103.7,207.2,high,low,4,spaceship,,,30/09/2026 20:37
31c1d6c3-d25f-401d-b70e-b03ef46e1f75,buttonlike.fans,available,4.98,13.98,medium,low,10,namecheap,,,09/08/2026 03:39
f106cea9-77d8-4b14-ab70-1eb360821b92,symbiotic.fans,available,4.98,13.98,high,low,9,namecheap,,,11/09/2026 06:01
a1d9805c-82c5-4ade-8db0-94598e219602,atrazine.fans,available,4.98,13.98,medium,low,8,namecheap,,,21/09/2026 00:37
ece58580-bb2b-4422-b542-2190343c95d3,snare.fans,available,4.18,8.46,high,low,5,spaceship,,,01/10/2026 03:08
07f4d763-cc3f-4464-8f0b-0a99b2354036,calhoun.fans,premium,53.92,53.92,medium,low,7,namesilo,,,27/09/2026 03:19
900afcea-82b7-4cf6-aad9-b04f6e6058b2,drills.fans,premium,116,116,medium,low,6,namesilo,,,30/09/2026 15:41
e68c450d-33fa-43fe-b990-5d418277ff7b,daughters.fans,premium,116,116,medium,low,9,namesilo,,,17/09/2026 17:42
4fa81a58-8ba0-4f58-8fcb-4871536ef643,zag.fans,premium,130,260,high,low,3,namecheap,,,13/09/2026 15:17
48690d4d-2184-4d69-a8a2-0cea0cab09c9,hundred.fans,premium,53.92,53.92,high,low,7,namesilo,,,21/09/2026 11:00
2eed495e-1f47-4021-b1da-d5147be426a4,surprisingly.fans,available,9.88,9.88,high,low,12,namesilo,,,01/10/2026 23:15
c8e082d4-36a4-42e9-a0cc-aa8d5fb56d4a,lifespan.fans,premium,32.5,65,high,low,8,namecheap,,,01/10/2026 20:20
9b90e095-04ae-4cc5-bffd-acf5a79abd61,halfway.fans,premium,32.5,65,high,low,7,namecheap,,,11/08/2026 23:56
35a66cf7-ea85-4072-a19d-fe0c7636341c,haida.fans,premium,,,high,low,5,,,,01/10/2026 19:54
3cf1791a-222b-4712-9573-82946bbd6914,motionless.fans,premium,32.5,65,medium,low,10,namecheap,,,25/08/2026 07:28
183f7731-13f9-4798-8db1-d510dcacd2d8,markus.fans,available,8.2,8.2,high,low,6,cloudflare,,,28/09/2026 21:58
419c8cde-017e-4f11-a449-4003070591fa,tenure.fans,available,4.18,8.46,high,low,6,spaceship,,,29/09/2026 19:18
b0a1038a-d386-4cbb-afff-6e1790751152,despise.fans,premium,53.92,53.92,high,low,7,namesilo,,,29/09/2026 15:39
286491b5-5927-4f6c-a231-47b66c53b211,mortgaged.fans,available,4.98,13.98,medium,low,9,namecheap,,,25/08/2026 06:38
1844d41d-18ee-4199-ad5f-dfb4fe28d69f,xiii.fans,premium,116,116,high,low,4,namesilo,,,21/09/2026 11:34
6179b0fb-b089-45fb-8a4e-1536a979b161,preparing.fans,available,9.88,9.88,high,low,9,namesilo,,,27/09/2026 06:40
fbd809a4-1465-4411-a420-3f94bdc365d3,xii.fans,premium,242,242,high,low,3,namesilo,,,21/09/2026 11:25
6cbac823-6e15-4e0d-802b-395063d08e13,arcella.fans,available,9.88,9.88,medium,low,7,namesilo,,,20/09/2026 01:41
99f640e4-013e-44da-ad83-1acc042b9aac,cubbyhole.fans,available,4.98,13.98,high,medium,9,namecheap,,,10/09/2026 12:52
354abac2-6ecc-4aef-8b9f-80ea7dea2d46,manhattan.fans,premium,53.92,53.92,high,low,9,namesilo,,,25/09/2026 23:31
51f8dac4-601b-4a99-afd5-f6b4c284ada8,socrates.fans,available,4.98,13.98,high,low,8,namecheap,,,29/09/2026 20:25
88898ea2-7039-4526-8fee-722f2adccb77,hence.fans,premium,116,116,medium,low,5,namesilo,,,28/09/2026 15:09
c0b2ad1e-5a49-4d29-952e-73effd54e06a,commencing.fans,available,9.88,9.88,medium,low,10,namesilo,,,30/09/2026 06:14
a098ab1e-dbdd-4ccd-a4e4-914c1fa2d455,rambo.fans,premium,103.7,207.2,high,low,5,spaceship,,,01/10/2026 23:13
7a9f9ed9-0bb7-4fb9-9278-8e1f72c5e15f,functional.fans,premium,116,116,high,low,10,namesilo,,,01/10/2026 21:18
22557be1-898f-4006-bfcf-b8dcc5c435fe,sane.fans,premium,116,116,high,low,4,namesilo,,,19/09/2026 15:46
e686d229-8a9b-442a-8c80-b303d79cfd01,worcester.fans,available,4.18,8.46,high,low,9,spaceship,,,01/10/2026 20:10
6cebb299-4e12-4e97-a1cf-f932e193d50e,ima.fans,premium,195,390,high,low,3,namecheap,,,30/09/2026 19:42
9e8f4eab-2157-44b7-866e-b7e26a255c5d,seriously.fans,premium,26.08,51.95,medium,low,9,spaceship,,,28/09/2026 13:17
5a1a1160-4099-4eb4-bd25-de79e54afec4,crossing.fans,available,9.88,9.88,high,low,8,namesilo,,,27/09/2026 03:30
fb1f337e-caf7-4946-887a-1e804da90016,someone.fans,premium,116,116,high,low,7,namesilo,,,25/09/2026 09:13
8c91bc0d-d2a5-41fa-8343-5bd3f9feef72,strict.fans,premium,130,260,medium,low,6,namecheap,,,21/08/2026 00:17
4bf9b526-14a9-4df2-8f84-1571e6583a95,clashing.fans,available,4.98,13.98,medium,low,8,namecheap,,,12/08/2026 09:40
663b9360-c0ab-4d0f-a11e-838a08628bd3,fictitious.fans,available,4.98,13.98,medium,low,10,namecheap,,,07/08/2026 07:50
a5358c4e-5b27-4e1d-9b9f-e4b5bfc8fa68,disco.fans,premium,242,242,high,low,5,namesilo,,,29/09/2026 15:27
63e77164-f3e8-4851-a371-3cf4a87cd908,ito.fans,premium,384,384,medium,low,3,namesilo,,,28/09/2026 08:05
6caf3e3f-c5f6-4712-ba61-5bfab5846471,male.fans,premium,325,650,high,low,4,namecheap,,,25/09/2026 16:34
bc5ae413-a64c-467a-81e8-a2ca8980a4b1,scholarships.fans,premium,,,high,low,12,,,,30/09/2026 07:48
ef0ce8b3-8c73-4172-96f6-a99166564b10,formosa.fans,premium,32.5,65,high,low,7,namecheap,,,28/09/2026 05:46
863f8492-6535-4fd4-89a2-0a28f9df473d,jadestone.fans,available,4.98,13.98,medium,low,9,namecheap,,,22/08/2026 11:54
15076ea8-5471-48ac-b434-b141a2a28a99,technol.fans,available,4.18,8.46,medium,low,7,spaceship,,,30/09/2026 06:44
2e421b21-1906-440f-ab29-49a1a2c39434,oil.fans,premium,384,384,high,low,3,namesilo,,,24/09/2026 02:16
8d32d768-c7d3-4f93-b6be-45583dd3fa88,blas.fans,available,8.2,8.2,medium,low,4,cloudflare,,,30/09/2026 22:25
9b43e1c1-03e6-4434-82b6-90e68b0266e0,bullock.fans,premium,51.95,103.7,medium,low,7,spaceship,,,29/09/2026 11:48
fc875b48-842f-44ca-b74f-71ec9bd210a3,credentials.fans,premium,65,130,high,low,11,namecheap,,,28/09/2026 08:17
b3557874-008e-4488-a672-909bd72080e2,tenner.fans,available,9.88,9.88,medium,low,6,namesilo,,,21/09/2026 10:53
75c7a000-ca05-4e00-9383-57c29feffd48,damp.fans,premium,69.99,69.99,medium,low,4,name.com,,,13/08/2026 16:39
0c5c886f-6cb4-4fac-9851-6a8b54ce2ac6,diploma.fans,premium,51.95,103.7,high,low,7,spaceship,,,29/09/2026 15:03
3aa19023-54a7-4527-9fc7-637e06b02460,occident.fans,available,4.98,13.98,medium,low,8,namecheap,,,13/09/2026 10:49
c426d7ad-5fc3-40cf-abbd-ea6fc6bce6e3,cameras.fans,premium,65,130,high,low,7,namecheap,,,25/09/2026 20:54
bd2f34db-607c-45a8-97b8-8b3a00690de2,mgm.fans,premium,384,384,high,low,3,namesilo,,,25/09/2026 13:30
ebaca94d-0b17-4896-b925-0a4e551b86cb,peptic.fans,available,4.98,13.98,medium,low,6,namecheap,,,08/09/2026 15:53
747166f2-f9c4-4ca7-8e24-b97033ee9ac7,minimum.fans,premium,65,130,high,low,7,namecheap,,,25/09/2026 20:24
d807f01f-9c98-4a14-ac22-89a3654df5df,properly.fans,available,4.98,13.98,medium,low,8,namecheap,,,13/08/2026 21:12
9ad64800-f1c5-427e-9c69-ce5fdcc2e114,technical.fans,premium,116,116,high,low,9,namesilo,,,28/09/2026 08:48
06234894-5d39-4194-90c3-1ca22e3fd605,sculptor.fans,premium,51.95,103.7,medium,low,8,spaceship,,,30/09/2026 02:48
56aaaec1-f259-4122-a9e4-67d415488a52,perish.fans,premium,,,medium,low,6,,,,29/09/2026 18:32
74562f60-1a3b-4e9b-9015-eb743fbde386,heaven.fans,premium,384,384,high,low,6,namesilo,,,29/09/2026 17:41
2f87e138-47a5-4278-be77-9d3de98f7eed,chartres.fans,available,9.88,9.88,medium,low,8,namesilo,,,29/09/2026 11:53
88caa43a-c83f-4df7-908f-56aaa921b3b5,liking.fans,premium,155.45,310.7,high,low,6,spaceship,,,28/09/2026 06:09
e1bc36cd-cd8d-4f5d-89da-09ff48e2149f,pipeline.fans,premium,,,high,low,8,,,,29/09/2026 01:07
8603b9b1-930d-45ec-921d-75dd19037c54,shiloh.fans,premium,53.92,53.92,medium,low,6,namesilo,,,22/09/2026 15:39
c92b1996-5641-4264-b871-7766b2648cb0,whiff.fans,premium,65,130,high,low,5,namecheap,,,09/09/2026 05:39
3dc92609-5ccf-48fa-a214-bbd30210abf8,higher.fans,premium,26.08,51.95,high,low,6,spaceship,,,01/10/2026 02:01
61a4975b-759d-4e2e-80b8-598a63855291,pepin.fans,available,9.88,9.88,high,low,5,namesilo,,,01/10/2026 03:18
3f9dce63-09ee-4884-b133-5cc5de4bad23,verdant.fans,available,4.98,13.98,high,low,7,namecheap,,,13/09/2026 02:22
6e440886-df05-4127-976f-abdbeb419c29,pronto.fans,premium,65,130,high,medium,6,namecheap,,,15/09/2026 21:44
729f8e3e-166f-41f4-aeeb-abc2fce8503e,africa.fans,premium,384,384,high,medium,6,namesilo,,,17/09/2026 15:15
4fbe7af3-acc1-4457-9a7b-1e4a3c272afd,iec.fans,premium,384,384,medium,low,3,namesilo,,,28/09/2026 16:35
916d3ee8-f017-4149-a05b-8bcde3c3a44a,suspense.fans,premium,116,116,high,low,8,namesilo,,,30/09/2026 12:39
4561bea0-48c1-4e30-85cc-045810d2ba93,tactful.fans,available,4.98,13.98,high,low,7,namecheap,,,22/08/2026 15:49
b56d48bd-4709-4588-bc74-b03e4f390efc,grownup.fans,available,4.98,13.98,high,low,7,namecheap,,,
877ee0ed-6c33-4cea-99a6-4e08d7743e8a,reptile.fans,premium,65,130,high,low,7,namecheap,,,09/09/2026 14:41
d98ea7fa-68d5-43b3-aeff-13ebb3c0cd09,jung.fans,premium,53.92,53.92,high,low,4,namesilo,,,25/09/2026 03:59
db8c4599-c72b-43aa-b01b-4d27b28fe7b9,healer.fans,available,3.6,8.75,high,low,6,porkbun,,,30/09/2026 01:51
77b541ea-2c16-4ed2-871b-105555590c60,gustave.fans,premium,51.95,103.7,medium,low,7,spaceship,,,28/09/2026 09:09
01d329dc-170c-4393-9c00-2d9eeb72073b,macaronic.fans,available,4.98,13.98,medium,low,9,namecheap,,,24/08/2026 12:44
44a5de60-353a-4e72-b545-940e33c2aa03,ccp.fans,premium,384,384,medium,low,3,namesilo,,,26/09/2026 03:21
e8eae72c-452d-46eb-9604-2e11522a8203,waggon.fans,available,4.98,13.98,high,low,6,namecheap,,,22/09/2026 19:02
0897e9d6-96b9-443f-9dbe-e4a46ebb1826,shan.fans,premium,,,high,low,4,,,,28/09/2026 15:19
18c1ad1c-5536-4231-a1f6-43acca6f474b,errors.fans,premium,384,384,medium,low,6,namesilo,,,17/09/2026 17:09
8ea8bf79-7356-4911-ad33-5e8efdb2c82e,sutures.fans,available,4.18,8.46,medium,low,7,spaceship,,,01/10/2026 18:00
e4cf97db-b089-4a0a-bb55-e2847683ba5e,surreal.fans,premium,65,130,high,low,7,namecheap,,,14/08/2026 18:46
cc646082-0cb6-43a0-a7e5-b88d480aa62e,capped.fans,available,4.98,13.98,medium,low,6,namecheap,,,11/08/2026 18:02
427f57d2-39b0-4571-9083-753ee6439d95,ambergris.fans,available,9.88,9.88,medium,low,9,namesilo,,,18/09/2026 16:37
5069c744-3239-412d-adab-9a8b31f739b0,spiraea.fans,available,9.88,9.88,medium,low,7,namesilo,,,20/09/2026 17:28
8884c97b-c8a0-4170-8eb1-bf6940a2d024,pva.fans,premium,195,390,medium,low,3,namecheap,,,30/09/2026 18:22
dacc9602-2353-4c52-ade5-fa16302b2a70,antipodean.fans,available,4.98,13.98,medium,low,10,namecheap,,,
92437686-5f0e-48cb-a40c-ad398b9b5681,lovelace.fans,premium,26.08,51.95,high,low,8,spaceship,,,30/09/2026 10:29
a77d5ff0-c3ae-4e28-a5ac-573d6d030dcb,snowballs.fans,available,4.98,13.98,medium,low,9,namecheap,,,19/09/2026 21:49
76ca8279-a31c-4872-98b5-b69ea658ab1e,grover.fans,premium,53.92,53.92,medium,low,6,namesilo,,,29/09/2026 09:39
2d4ef5e5-7cf4-4156-9a55-dd5b370fe633,jeep.fans,premium,242,242,high,medium,4,namesilo,,,30/09/2026 00:45
4c978a13-95da-4e2a-8dbc-761401dda168,annotating.fans,available,4.98,13.98,medium,low,10,namecheap,,,19/09/2026 10:41
007b34e2-b729-4162-9d16-d42df4b3afb7,ronnie.fans,premium,116,116,high,low,6,namesilo,,,27/09/2026 07:42
94f0ef33-1bf9-49c5-91fc-4a1e00feaaf3,bizarre.fans,premium,65,130,high,low,7,namecheap,,,22/09/2026 21:11
152ed429-d79a-4f96-94ea-988b6918889c,terracotta.fans,premium,53.92,53.92,high,low,11,namesilo,,,17/09/2026 09:12
fe923668-740f-4f83-af9f-a41fe07e048e,intercultural.fans,available,9.88,9.88,high,low,13,namesilo,,,01/10/2026 23:06
6b5fab98-75f2-4c98-a219-18815e25b70d,knighthood.fans,available,8.78,8.78,high,low,10,dynadot,,,02/10/2026 05:33
b06d334b-faee-4104-8b0b-f2e54a83c222,moorish.fans,available,4.98,13.98,high,low,7,namecheap,,,25/08/2026 05:59
c11b2516-c367-48a2-96a3-1f9a8d44b246,ergonomic.fans,available,4.98,13.98,high,low,9,namecheap,,,17/08/2026 12:11
c004e46b-e667-47f1-ad0a-983b1d56b1e3,end.fans,premium,195,390,high,low,3,namecheap,,,19/09/2026 15:33
2f4b475f-b271-495c-ac1d-103fb7cac687,seo.fans,premium,640,640,high,medium,3,namesilo,,,28/09/2026 17:30
7a7efe0a-305d-4190-8855-3e12045f41f5,buddhism.fans,premium,116,116,high,low,8,namesilo,,,30/09/2026 00:55
b58fa7bf-75d9-4418-99a9-8a6e97b51b9b,mobile.fans,premium,325,650,high,medium,6,namecheap,,,25/09/2026 21:00
55ba96f8-1c23-43fd-be59-e33571802956,sour.fans,available,4.98,13.98,high,low,4,namecheap,,,20/08/2026 15:04
86c96567-c577-4224-a22b-e5a3798657e6,donnie.fans,premium,26.08,51.95,medium,low,6,spaceship,,,30/09/2026 13:12
56250eb7-24d5-4bbd-aa9c-8d7022478156,skirting.fans,available,9.88,9.88,medium,low,8,namesilo,,,20/09/2026 08:31
459b116a-090f-4d0c-be7b-0d4b46be3566,aging.fans,premium,116,116,high,low,5,namesilo,,,21/09/2026 22:40
9557d199-f9ea-4767-b141-2096c35cb103,obvious.fans,premium,116,116,high,low,7,namesilo,,,25/09/2026 23:50
d2bed494-cfd9-4c28-9b7d-f5b0b12a092d,cosher.fans,available,4.98,13.98,high,low,6,namecheap,,,13/08/2026 02:47
da62a433-b234-4324-9812-2954e91c5726,clifford.fans,premium,116,116,high,low,8,namesilo,,,25/09/2026 14:06
0c6ed0a1-289b-4d23-89c5-14a838211f34,pluperfect.fans,available,4.98,13.98,medium,low,10,namecheap,,,08/09/2026 22:00
ca242d94-d054-48e8-bc1e-69cb53047ff9,colosseum.fans,premium,53.92,53.92,high,low,9,namesilo,,,18/09/2026 23:29
b5c2813d-d0fc-4c05-9fbd-3bf46318389b,restraining.fans,available,9.88,9.88,medium,low,11,namesilo,,,29/09/2026 03:20
76e18813-0e97-4228-8c40-a6badf9438d1,orangutan.fans,premium,26.08,51.95,high,low,9,spaceship,,,30/09/2026 06:10
681c7106-bce3-4af8-9d23-9d5de442b984,blanks.fans,premium,103.7,207.2,low,low,6,spaceship,,,01/10/2026 00:46
d45e453f-5ab7-4771-bef9-9f0d450789d5,suppertime.fans,available,4.98,13.98,high,low,10,namecheap,,,24/09/2026 22:23
aca2c539-bc73-4088-9836-be92eefc1993,twirl.fans,available,9.88,9.88,high,low,5,namesilo,,,28/09/2026 02:49
751b23a0-0eb5-42b4-b81d-9bbd640d3e6c,amalia.fans,available,4.98,13.98,high,low,6,namecheap,,,01/10/2026 23:56
b29cd16d-abd8-4911-b637-1b9b1e426c07,criteria.fans,available,4.98,13.98,high,low,8,namecheap,,,
96e2dd6a-454c-4b39-b4bf-200f62d13a33,particles.fans,premium,53.92,53.92,medium,low,9,namesilo,,,
0a13990a-581c-4191-bd50-c3c2fd2f2636,lock.fans,premium,103.7,207.2,high,low,4,spaceship,,,29/09/2026 23:33
74314c4a-04b9-4327-9fd0-d5f5eda4be5b,depression.fans,premium,65,130,medium,low,10,namecheap,,,25/09/2026 14:31
23de489c-0264-4f9c-b4a0-f2d860b3de49,granted.fans,premium,116,116,high,low,7,namesilo,,,24/09/2026 22:19
bbc10672-1a90-43bf-af88-c115013fbe73,abo.fans,premium,130,260,high,low,3,namecheap,,,
209f5917-0ee6-4b41-975d-a64a57f08965,hallmark.fans,premium,32.5,65,high,medium,8,namecheap,,,20/09/2026 15:56
de87bb16-671c-4087-8c6e-30e53c151db1,defender.fans,premium,26.08,51.95,high,low,8,spaceship,,,28/09/2026 18:56
29882531-ca4c-4ad0-baa4-9cd87a133011,cleaners.fans,premium,53.92,53.92,high,low,8,namesilo,,,24/09/2026 15:26
b86c7358-3a42-4190-b1bd-17330217d886,bodyguard.fans,available,9.88,9.88,high,low,9,namesilo,,,24/09/2026 06:33
f60bcf86-a9db-4d9e-9eec-66f29f566b49,semisoft.fans,available,4.98,13.98,medium,low,8,namecheap,,,10/09/2026 03:24
f59b1d67-2ef8-4bff-9523-b00367101eeb,cdu.fans,premium,,,high,low,3,,,,29/09/2026 03:11
dbbd4289-b7a5-4c87-a6ed-4bdb3d2f5afb,randall.fans,premium,51.95,103.7,high,low,7,spaceship,,,28/09/2026 04:02
d5a12fd5-ff26-4284-a0be-a29542663d50,esl.fans,premium,242,242,high,low,3,namesilo,,,29/09/2026 23:53
accb1db2-659a-4f67-834b-5ae25cee492f,wwf.fans,premium,155.45,310.7,high,low,3,spaceship,,,29/09/2026 15:10
8d60bcf5-d992-402f-8590-757c3fbcf8e6,maximising.fans,available,4.98,13.98,medium,low,10,namecheap,,,24/08/2026 17:58
678f2679-3eda-4c00-b8cf-6bab43a9a55a,harshly.fans,available,4.98,13.98,medium,low,7,namecheap,,,14/09/2026 22:08
54ed696e-7a79-47a0-ba6f-2d084a72a139,breeding.fans,available,4.98,13.98,high,low,8,namecheap,,,11/08/2026 03:36
a7ac70de-7b27-415b-b18b-7ae9ccf2f8ef,bremen.fans,premium,116,116,high,low,6,namesilo,,,25/09/2026 21:59
5a487b08-1c1a-47d6-a0e4-bfe617f24e43,impute.fans,available,4.98,13.98,medium,low,6,namecheap,,,21/09/2026 02:18
75ed6acd-4b18-480f-aede-6721c1c22659,abortus.fans,available,4.98,13.98,medium,low,7,namecheap,,,16/09/2026 16:40
14aaa551-8b04-4710-becd-88c9e2b104b1,docket.fans,available,9.88,9.88,high,low,6,namesilo,,,17/09/2026 17:03
0f229eda-7565-4d25-a470-f890fcdcb8a0,apical.fans,available,4.98,13.98,medium,low,6,namecheap,,,05/08/2026 23:58
78b1b0ab-1420-4f06-9c9c-bc3180fb8ef7,sarasota.fans,premium,65,130,high,low,8,namecheap,,,28/09/2026 20:23
ee0ce4c4-e64c-45c1-9a9b-1920beea50ec,accommodate.fans,available,9.88,9.88,high,low,11,namesilo,,,30/09/2026 23:34
6a20942c-0319-48ac-8d4d-fcb3e1eaf7c3,manky.fans,available,4.98,13.98,medium,low,5,namecheap,,,24/08/2026 15:12
9ef70925-7e50-4e13-8bfa-681d22a007e0,changing.fans,available,9.88,9.88,high,low,8,namesilo,,,23/09/2026 13:46
949488ea-3c3b-4942-88c4-d504f009e0a1,gideon.fans,premium,53.92,53.92,high,low,6,namesilo,,,28/09/2026 16:03
4ad0beed-ea60-410e-a11a-234f4d929cd4,extramural.fans,available,4.98,13.98,medium,low,10,namecheap,,,17/08/2026 19:18
db55d605-8b60-47ed-8778-3f9f59391713,everyone.fans,premium,51.95,103.7,high,low,8,spaceship,,,30/09/2026 23:15
bd1b153d-e639-4e2f-b040-264c269325ff,ingrowing.fans,available,4.98,13.98,medium,low,9,namecheap,,,22/08/2026 04:54
eee90660-3c7c-4a3a-a635-72ddde5738b4,mead.fans,premium,32.5,65,high,low,4,namecheap,,,30/09/2026 17:28
2c79a034-7e2e-47b3-a39c-d1b69bfdbaba,lutecium.fans,available,9.88,9.88,medium,low,8,namesilo,,,20/09/2026 23:39
b1da68df-2e0e-41e9-9270-e255defcd315,soulless.fans,available,4.98,13.98,high,medium,8,namecheap,,,10/09/2026 14:43
59857e42-a14b-4a00-b303-1a6aa9beb902,anomy.fans,available,9.88,9.88,medium,low,5,namesilo,,,19/09/2026 11:32
e16f44fa-d770-4af6-8288-41ecaa2722db,madera.fans,available,9.88,9.88,medium,low,6,namesilo,,,30/09/2026 12:25
4b14e6c5-3276-42e3-9d45-34fc85e395b8,datable.fans,available,19.99,19.99,medium,low,7,name.com,,,13/08/2026 18:36
f76946bc-12ff-48a0-a4dd-74a2db44e0a7,belmont.fans,premium,53.92,53.92,high,low,7,namesilo,,,23/09/2026 06:57
f8133084-8c22-4192-a806-5fe84728d733,pup.fans,premium,384,384,high,low,3,namesilo,,,30/09/2026 08:51
5cf1fc9e-702a-40e2-a9c9-27fe698c2181,gabble.fans,available,9.88,9.88,medium,low,6,namesilo,,,23/09/2026 23:37
537c48f8-1ce4-4d57-a7b9-dd5339c63966,benito.fans,available,8.2,8.2,medium,low,6,cloudflare,,,27/09/2026 19:23
32cdd1df-c929-45d4-875d-2da9b1b93c82,ritardando.fans,available,4.98,13.98,high,medium,10,namecheap,,,09/09/2026 09:54
53767f11-e8d6-4d60-aac1-9dca000d49f6,armstrong.fans,premium,53.92,53.92,high,medium,9,namesilo,,,20/09/2026 07:49
e31add25-c835-4417-b606-11e3d12a8629,mailing.fans,premium,116,116,high,low,7,namesilo,,,30/09/2026 02:11
0cd934da-b7cc-4872-8bbe-9978a70ced47,sumatran.fans,available,4.98,13.98,high,low,8,namecheap,,,11/09/2026 01:31
00753fea-bbce-4ef6-823e-44967c332c97,carbonated.fans,available,4.98,13.98,medium,low,10,namecheap,,,11/08/2026 18:39
267b77f8-5e0c-425c-9759-af92a1f6bb4a,sloane.fans,available,4.18,8.46,high,low,6,spaceship,,,28/09/2026 16:12
7786bd08-1de3-4b54-a7da-26a3311c9a24,jungle.fans,premium,53.92,53.92,high,low,6,namesilo,,,25/09/2026 07:25
3fe09881-6ac9-45c7-8757-0f8e2751fb48,genevieve.fans,premium,,,medium,low,9,,,,28/09/2026 16:45
ac97de9c-79aa-44b0-bbe0-eac2a8a5a36b,ringway.fans,available,4.98,13.98,medium,low,7,namecheap,,,23/09/2026 07:12
3450e531-23f3-4cdd-b9e1-97bdadde430d,unsocial.fans,available,4.98,13.98,medium,low,8,namecheap,,,12/09/2026 20:11
6ebf017d-b2e2-40b4-8c7c-f7ce950b5ac6,berne.fans,premium,53.92,53.92,medium,low,5,namesilo,,,23/09/2026 09:45
440c065f-4735-42d1-a6f3-b4ce2b7a78e9,ailing.fans,premium,130,260,high,low,6,namecheap,,,
6fe39264-4a4d-4ffd-a37c-f8cec58b35ce,problem.fans,premium,51.95,103.7,high,low,7,spaceship,,,30/09/2026 07:28
2f8b3f1c-bc79-4129-89bb-6c99ff80c8d2,chipped.fans,available,9.88,9.88,medium,low,7,namesilo,,,30/09/2026 19:50
5336e3fc-0e92-47e0-8a2d-098b8dc3fd78,mousey.fans,available,4.98,13.98,medium,low,6,namecheap,,,25/08/2026 08:44
7757a0ac-1d99-4ae8-91fa-d6e821c7e48a,alir.fans,available,4.98,13.98,medium,low,4,namecheap,,,17/08/2026 22:11
5b3041e9-c0c8-4dc5-835b-c9dec5cb4248,bred.fans,premium,116,116,high,low,4,namesilo,,,29/09/2026 14:17
7cda4d0a-a7a6-4223-8500-988853ea007f,sailor.fans,premium,110,110,high,low,6,dynadot,,,29/09/2026 03:02
28ff3aa1-6586-41a7-9e6e-d84f7af989b4,mcmuffin.fans,available,13.98,,high,low,8,namecheap,,,
71e6ed8b-3da0-4b4b-bc25-d1c4ba478efc,pomegranates.fans,premium,32.5,65,medium,low,12,namecheap,,,20/09/2026 01:42
ed9d7778-c613-40b6-bcd2-9c31956b27c7,files.fans,premium,32.5,65,medium,low,5,namecheap,,,25/09/2026 18:34
929e0178-68a5-408a-84a1-f467b4ad7aec,pangolin.fans,available,9.88,9.88,medium,low,8,namesilo,,,19/09/2026 12:39
854a2eb7-f37f-4a93-a646-52f413abd1ed,staff.fans,premium,242,242,high,low,5,namesilo,,,30/09/2026 22:23
02a3aa8b-1dd7-486b-aaa4-4b608fa09471,aldose.fans,available,9.88,9.88,medium,low,6,namesilo,,,18/09/2026 04:38
5fa7024f-48a5-447c-b089-28a5bc19aa05,hussy.fans,available,9.88,9.88,medium,low,5,namesilo,,,17/09/2026 10:20
cd526228-a1dc-42e1-9c8f-c776e3e39bfc,chair.fans,premium,65,130,high,low,5,namecheap,,,25/09/2026 21:14
2d15975d-443e-4e83-a66a-2e0d22dd9d4d,edna.fans,premium,32.5,65,high,low,4,namecheap,,,27/09/2026 01:34
cfbb980d-8c62-4de9-b046-9de28e90cdd8,fluffy.fans,premium,32.5,65,high,low,6,namecheap,,,14/08/2026 17:46
7204972a-71cc-4423-9301-f603ec0ab724,polo.fans,premium,103.7,207.2,high,high,4,spaceship,,,30/09/2026 03:54
a0af4762-3deb-4be7-aeba-e3b3a4d93726,schematic.fans,available,4.98,13.98,high,low,9,namecheap,,,09/09/2026 23:02
d2174450-69f7-48cf-a021-72e1264f3b6f,genoa.fans,premium,,,high,low,5,,,,30/09/2026 09:54
5d4c1120-4934-41cc-9327-54e75fd1601b,pianistic.fans,available,4.98,13.98,high,medium,9,namecheap,,,08/09/2026 19:28
e305fd03-1b29-4fdf-98bc-fdbc4449d784,pluck.fans,available,4.18,8.46,high,low,5,spaceship,,,01/10/2026 19:35
71f4cc53-f12b-4d3e-8aae-b0ab75408e3b,respite.fans,available,9.88,9.88,high,low,7,namesilo,,,16/09/2026 14:06
e95ea237-7414-4feb-aff8-728986d8a10c,applesauce.fans,available,4.98,13.98,high,low,10,namecheap,,,19/09/2026 21:26
9d6a39bd-be6e-42e4-a188-fe76f517d27a,cargo.fans,premium,53.92,53.92,high,low,5,namesilo,,,01/10/2026 12:59
eff61501-e389-4519-a7d1-c768735f118a,heartbeat.fans,available,4.98,13.98,high,low,9,namecheap,,,22/08/2026 07:28
7ae11a68-90af-4e4a-8bf4-fe7c281e8e03,spattered.fans,available,19.99,19.99,medium,low,9,name.com,,,13/08/2026 15:15
02c475b9-1e07-467f-98b0-60e61c661761,slept.fans,available,9.88,9.88,medium,low,5,namesilo,,,
2dc15a93-540c-4771-a122-05729f9952b2,haul.fans,premium,,,high,low,4,,,,27/09/2026 12:17
4d06a1ee-d396-4ef0-9810-d6126632e969,disposal.fans,premium,116,116,high,low,8,namesilo,,,17/09/2026 08:43
2011a0c0-f963-4369-b0aa-f4f032fdcc42,candy.fans,premium,242,242,high,low,5,namesilo,,,01/10/2026 07:39
c5d738e5-36f2-44e2-baa7-a9b426904d2e,encysted.fans,available,4.98,13.98,medium,low,8,namecheap,,,17/08/2026 00:44
2a771bc4-bbde-4e11-a440-acc64488d9f9,hominal.fans,available,4.98,13.98,medium,low,7,namecheap,,,21/08/2026 11:35
6e75ee1d-8501-44a7-b0b3-9fc6abf9d158,zionist.fans,available,4.98,13.98,high,low,7,namecheap,,,13/09/2026 15:21
abfbf9d4-a573-4244-b9f3-74070048dd25,tasty.fans,premium,65,130,high,low,5,namecheap,,,11/09/2026 09:04
1256a7df-0444-49c9-b37e-91b4870c866c,seagoing.fans,available,9.88,9.88,medium,low,8,namesilo,,,04/09/2026 00:24
4c5ec571-7f67-46c1-a8b7-33f845d5d1e8,rum.fans,premium,130,260,high,low,3,namecheap,,,13/08/2026 11:11
8998abc4-cec9-4371-892b-670858d58782,aluminate.fans,available,9.88,9.88,medium,low,9,namesilo,,,18/09/2026 15:13
0c2d5f3f-f746-4615-8acf-7459aa2ef725,neandertal.fans,available,4.98,13.98,medium,low,10,namecheap,,,10/08/2026 19:30
93543396-5327-4083-afbf-32910914938c,wilfrid.fans,available,8.78,8.78,medium,low,7,dynadot,,,29/09/2026 09:35
33bc4671-e078-4558-b2d4-21c6824ba4f9,ensign.fans,available,9.88,9.88,medium,low,6,namesilo,,,30/09/2026 17:11
46bb123d-8269-43f3-a6e9-4ad7943b9244,terrifies.fans,available,9.88,9.88,low,low,9,namesilo,,,18/09/2026 07:37
341b7fb3-081e-4407-99df-0fbe85fb4237,corrosive.fans,available,4.98,13.98,medium,low,9,namecheap,,,13/08/2026 02:07
d18c427f-9050-42e9-b174-1044166bd772,oversea.fans,available,9.88,9.88,medium,low,7,namesilo,,,04/09/2026 21:46
ca3f4f3c-e49d-4e53-9e5b-ac29e33d569d,kids.fans,premium,325,650,high,low,4,namecheap,,,25/09/2026 20:52
84be313d-3677-4bb9-8483-bc9f02a221ff,blanco.fans,premium,32.5,65,high,low,6,namecheap,,,01/10/2026 04:49
4ad082b6-7772-47dc-9519-0f5bcf9baff1,lightless.fans,available,4.98,13.98,medium,low,9,namecheap,,,23/08/2026 04:36
cc67a53e-5eb1-4200-a640-c93de0077801,magical.fans,premium,116,116,high,low,7,namesilo,,,25/09/2026 16:07
4f92e97f-e8ca-43f6-8945-47e47f7f4ded,preferable.fans,available,4.98,13.98,high,medium,10,namecheap,,,09/09/2026 01:36
34393312-604c-41cf-aad7-3ded7afd59e2,anger.fans,premium,130,260,medium,low,5,namecheap,,,28/09/2026 21:24
905d98b1-e316-48a1-bbd7-413a1cc6a609,catalonia.fans,premium,,,medium,low,9,,,,28/09/2026 09:16
61eab31a-54ce-4e12-9118-3a044945e779,gusty.fans,available,4.98,13.98,medium,low,5,namecheap,,,20/08/2026 21:10
a12885a2-1dde-45ab-8757-01eac2cb46ba,dazzling.fans,premium,65,130,high,low,8,namecheap,,,10/08/2026 13:44
ffe4719b-8108-43f5-9899-41d320a7e722,marshes.fans,premium,53.92,53.92,medium,low,7,namesilo,,,02/10/2026 03:37
d21c75a0-ae68-4c26-aaec-26409b20adea,registers.fans,available,15.99,15.99,low,low,9,godaddy,,,01/10/2026 00:08
fad3aa2c-7e23-4f93-8c36-344a6ad8a3a7,pedal.fans,premium,32.5,65,high,low,5,namecheap,,,08/09/2026 12:17
dde53f05-00bc-4015-b42e-7dc004669ebd,buff.fans,premium,32.5,65,high,low,4,namecheap,,,11/08/2026 07:48
152cc74c-c234-4884-ac7a-d4828a670886,dipolar.fans,available,4.98,13.98,medium,low,7,namecheap,,,14/08/2026 08:28
8856acd0-154f-4ec6-b604-d7a1982eecf7,sunburned.fans,available,4.98,13.98,medium,low,9,namecheap,,,11/09/2026 01:46
e8d32632-cc6d-4871-be04-e10a3767a40f,platelike.fans,available,4.98,13.98,high,low,9,namecheap,,,08/09/2026 20:17
ed1cc9ae-e454-403d-a497-a474ce946761,muscles.fans,premium,65,130,medium,low,7,namecheap,,,27/09/2026 21:29
9e81aa23-13f4-4405-8f5f-a77c7c2f4b96,sixpenny.fans,available,4.98,13.98,medium,low,8,namecheap,,,10/09/2026 09:06
f24f33c0-f3ae-461c-8dd3-ba6b0694ffee,lured.fans,available,4.18,8.46,medium,low,5,spaceship,,,01/10/2026 18:14
00a90883-48c8-4388-af6c-f73006c5b9ee,clipping.fans,premium,116,116,high,low,8,namesilo,,,24/09/2026 15:47
7460db1b-2546-40b3-a30c-b55268b0e1ca,arms.fans,premium,53.92,53.92,high,low,4,namesilo,,,20/09/2026 07:44
9b09f922-d3a5-414d-bd33-c46dc613b6a2,autosexing.fans,available,4.98,13.98,medium,low,10,namecheap,,,21/09/2026 07:42
a61ee145-4781-4077-b952-497b4d0a2e2d,asphyxia.fans,available,4.98,13.98,medium,low,8,namecheap,,,20/09/2026 15:10
74de9d86-8939-486b-95f8-28c6e6922501,observatory.fans,premium,32.5,65,high,low,11,namecheap,,,29/09/2026 08:28
07133a5f-4330-4ae0-b520-4ad60d647874,pinnatifid.fans,available,4.98,13.98,high,medium,10,namecheap,,,08/09/2026 19:50
7dd39961-35eb-4ca3-9cfd-ca40aecc7c02,haa.fans,premium,384,384,high,low,3,namesilo,,,30/09/2026 12:30
ef71ecfc-78c3-40c0-b58a-26a16a7e3aca,allotrope.fans,available,9.88,9.88,medium,low,9,namesilo,,,18/09/2026 12:06
c521a152-29e9-408a-8191-7370162f0cd2,radioed.fans,available,9.88,9.88,medium,low,7,namesilo,,,20/09/2026 15:44
8fa67fe3-0cd3-4769-bd09-c806d5f01ef4,stevens.fans,premium,53.92,53.92,high,low,7,namesilo,,,25/09/2026 06:30
bee384da-2d9e-46c9-8c10-0ebe79911422,bannister.fans,available,9.88,9.88,high,low,9,namesilo,,,22/09/2026 00:23
eaa92900-c89b-40b9-b7fd-b31a976f0886,tad.fans,premium,242,242,high,low,3,namesilo,,,30/09/2026 03:00
03939aba-28f6-48cf-94c2-5b1655bfa330,firmament.fans,available,4.98,13.98,high,low,9,namecheap,,,16/08/2026 20:58
8b71b7fc-eac6-439a-9bfa-033978bc52ca,overripe.fans,available,9.88,9.88,medium,low,8,namesilo,,,04/09/2026 21:44
64cfd843-9f1d-44f8-ab43-1083d701ac69,crib.fans,premium,110,110,high,low,4,dynadot,,,29/09/2026 00:31
9ac47f0b-12fd-4af6-b0b3-10bf7cd8b1b1,articles.fans,premium,116,116,high,low,8,namesilo,,,28/09/2026 04:25
be3d3f8f-4cef-4fe5-aea1-d97db6e19ad1,shields.fans,premium,116,116,medium,low,7,namesilo,,,28/09/2026 08:03
f470d1d4-beaf-40e5-9b54-e318abcca514,roughneck.fans,available,4.98,13.98,medium,low,9,namecheap,,,11/08/2026 08:43
944b96ba-1e91-46e3-be52-f72263d47f13,dendroid.fans,available,4.98,13.98,medium,low,8,namecheap,,,06/08/2026 13:50
fc072584-8235-4bef-9d99-0ab5319e9357,saltwater.fans,premium,,,high,low,9,,,,02/10/2026 04:11
3dcbc641-7301-4a9e-994d-3232c9a808b2,nagoya.fans,premium,,,medium,low,6,,,,28/09/2026 10:28
5237b1ea-266c-488c-807c-58ce43e987a8,sniff.fans,premium,242,242,high,low,5,namesilo,,,30/09/2026 11:21
3ad78de9-40ae-429e-b5b5-dc450a733251,oval.fans,premium,53.92,53.92,high,low,4,namesilo,,,24/09/2026 13:34
373198da-2847-4e49-91a9-bb64c87eacd5,bootlicker.fans,available,4.98,13.98,medium,low,10,namecheap,,,19/09/2026 21:12
8987a227-0eee-463d-a75b-46f97ea4cfc8,cxlv.fans,available,4.98,13.98,medium,low,4,namecheap,,,
123f284c-3f9b-40cb-9b96-4bcdb1656a44,contiguity.fans,available,9.88,9.88,medium,low,10,namesilo,,,17/09/2026 08:24
1464df46-e6eb-4a22-9214-82dde89fce1e,sublimely.fans,available,9.88,9.88,medium,low,9,namesilo,,,16/09/2026 07:34
48a97d22-6cd3-45d1-bb8b-2e9af4d06839,dreamfully.fans,available,4.98,13.98,medium,low,10,namecheap,,,14/09/2026 14:19
f638e1c5-3fd2-4174-a68f-b366cef2f152,doppler.fans,available,4.18,8.46,high,low,7,spaceship,,,01/10/2026 18:57
6d5ff3c5-c4d5-4362-9dbc-53b8ef720a5f,agaric.fans,available,9.88,9.88,medium,low,6,namesilo,,,17/09/2026 16:17
e245bb25-b243-4317-a9be-9c1e5f2bf1b0,entitlements.fans,available,15.99,15.99,medium,low,12,godaddy,,,01/10/2026 00:42
1b490b2d-92dc-46a4-9bf0-ea8d8c6f31ad,darkly.fans,available,4.98,13.98,medium,low,6,namecheap,,,14/09/2026 10:39
4b1471a4-2b75-4edb-b6f7-aa2f9733d1e0,promiscuous.fans,available,4.18,8.46,medium,low,11,spaceship,,,01/10/2026 22:33
8c36f1b3-1fe2-4ae7-a4a5-87fd7ac28dff,kandahar.fans,available,4.98,13.98,medium,low,8,namecheap,,,01/10/2026 02:47
55368c9b-2afc-4851-8b99-652e628fd3da,illegitimate.fans,available,9.88,9.88,medium,low,12,namesilo,,,30/09/2026 03:36
aca3960b-9723-4d49-8e47-7c33ed6da9a3,photographer.fans,premium,116,116,high,low,12,namesilo,,,27/09/2026 06:12
ff30aec2-444b-4fb1-adc3-d015b11b8bc5,boats.fans,premium,242,242,high,low,5,namesilo,,,17/09/2026 16:33
ee0e17bb-1847-4a09-b5a4-f0205380fe9d,hou.fans,premium,155.45,310.7,high,low,3,spaceship,,,29/09/2026 10:03
a2cb6b04-cf70-451e-af02-fa19320e7dde,alluvium.fans,available,9.88,9.88,medium,low,8,namesilo,,,18/09/2026 12:20
77d8cd66-9378-4a16-b880-22d09129402f,bedroom.fans,premium,116,116,high,low,7,namesilo,,,22/09/2026 23:08
99a2575f-c265-45ac-9e16-c7d0fd8f8170,barbarian.fans,premium,32.5,65,medium,low,9,namecheap,,,08/08/2026 15:26
b7ccb44e-1a83-47a0-9634-21e247a3512a,insult.fans,premium,242,242,high,low,6,namesilo,,,17/09/2026 14:53
3f4c5b56-d07d-4f83-ae17-c2aac6065c2e,potbound.fans,available,4.98,13.98,medium,low,8,namecheap,,,09/09/2026 00:44
b6e20631-b4d4-41f6-b859-2113ab4c6094,doncaster.fans,premium,53.92,53.92,high,low,9,namesilo,,,29/09/2026 23:47
0b529e01-0d80-4fba-84bc-a483b8659294,ahead.fans,premium,53.92,53.92,high,low,5,namesilo,,,21/09/2026 23:29
c2e7b83f-8491-475c-bf16-6abdeefeead5,blowzy.fans,available,4.98,13.98,low,low,6,namecheap,,,10/08/2026 15:41
f14eaa19-0b41-4847-a512-5453542a0917,fussy.fans,available,4.98,13.98,medium,low,5,namecheap,,,08/08/2026 07:47
c60466dc-2306-407e-b65a-2a43af5ce610,accept.fans,premium,103.7,207.2,high,low,6,spaceship,,,29/09/2026 11:06
87b034ec-46a7-454c-b7bf-436029380161,sumptuary.fans,available,4.98,13.98,medium,low,9,namecheap,,,11/09/2026 01:40
9d433d07-4bf1-4b62-9ad2-76e08803d405,asin.fans,premium,53.92,53.92,high,low,4,namesilo,,,20/09/2026 14:15
a1d48f84-4bd5-405e-a0fc-e2fd20f82393,dee.fans,premium,155.45,310.7,high,low,3,spaceship,,,28/09/2026 03:28
7104a57a-4ed2-420d-a7e2-4ed218773bb1,solo.fans,premium,550,550,high,high,4,dynadot,,,27/09/2026 23:47
49cda5a2-1009-4a9a-9688-51dc854fda43,metabolism.fans,premium,26.08,51.95,medium,low,10,spaceship,,,29/09/2026 13:25
514d7939-d1f0-464e-a04d-b4875daba6e4,rosenfeld.fans,available,4.18,8.46,high,low,9,spaceship,,,30/09/2026 13:37
d327e5b8-2beb-4378-a482-ab11b8f3bcb5,eudaimonia.fans,available,4.98,13.98,high,low,10,namecheap,,,12/09/2026 23:00
e80ac2c9-a196-4eb4-8a2d-8947932cfd77,bringing.fans,available,9.88,9.88,high,low,8,namesilo,,,29/09/2026 04:22
717d0789-22c7-42a7-bcad-686dd126137d,slashed.fans,available,4.98,13.98,medium,low,7,namecheap,,,10/09/2026 10:06
b935903d-28ad-4378-b0f5-f6eea67ced6a,bergenia.fans,available,9.88,9.88,medium,low,8,namesilo,,,23/09/2026 09:20
7adfbc1d-6cbd-46d6-86ee-98d7bdad62aa,cams.fans,premium,32.5,65,medium,low,4,namecheap,,,20/09/2026 11:30
0d09d3f6-3697-49f5-a710-5ca796e78257,visioned.fans,available,9.88,9.88,high,low,8,namesilo,,,20/09/2026 16:28
698192df-9592-4540-88c9-d101944ef7b4,columnar.fans,available,4.98,13.98,medium,low,8,namecheap,,,12/08/2026 18:14
07eea622-e42a-4039-8ac8-fb9fe1948f5f,adorned.fans,available,4.98,13.98,high,low,7,namecheap,,,
d6355ac0-8be9-4ff5-a204-f13e3f7fbde1,spangly.fans,available,4.98,13.98,medium,low,7,namecheap,,,18/08/2026 21:20
64811942-4285-4eea-b1ad-7540e8435a97,staffing.fans,premium,51.95,103.7,high,low,8,spaceship,,,28/09/2026 02:47
a1423e31-8d0b-40a0-9967-0495ec92b116,schulz.fans,premium,53.92,53.92,high,low,6,namesilo,,,28/09/2026 13:42
8e364ac0-08c1-4908-ba41-54688adb1aa6,esther.fans,premium,242,242,high,low,6,namesilo,,,24/09/2026 06:50
129a2eec-6de2-4bc2-9b86-753301f7adfa,spider.fans,premium,325,650,high,low,6,namecheap,,,26/09/2026 00:23
717ce2ee-69d9-4f08-b719-5085c318d14b,nolan.fans,premium,53.92,53.92,high,low,5,namesilo,,,25/09/2026 15:37
34bb39e2-d449-46ce-8fd4-304265d58c39,dysphoric.fans,available,4.98,13.98,medium,low,9,namecheap,,,14/08/2026 22:07
a29a2441-40dc-401d-b053-4531995c78e7,alison.fans,premium,26.08,51.95,medium,low,6,spaceship,,,28/09/2026 04:29
07f57bba-1b8d-4912-b33d-f4398ecc450e,anode.fans,available,9.88,9.88,high,low,5,namesilo,,,19/09/2026 11:14
7be7e8c7-39c8-4bc9-9c4c-5531a18f37e8,ufo.fans,premium,,,high,medium,3,,,,30/09/2026 09:41
b017d319-ac32-4c62-89df-c4e9a75e836c,contracting.fans,available,9.88,9.88,high,low,11,namesilo,,,02/10/2026 01:29
88b4b1e0-405c-4a52-90ce-8aa4ee0403da,arriving.fans,available,13.98,,medium,low,8,namecheap,,,
5491cba4-ea44-4cc5-973d-e9c5efc469e7,circle.fans,premium,,,high,medium,6,,,,27/09/2026 16:29
f6f476c3-f09f-4b4a-a79a-3657a3829a3a,ios.fans,premium,,,high,high,3,,,,27/09/2026 20:32
1d3cf183-b0b5-4991-9b04-c004a8cecae7,uncarved.fans,available,4.98,13.98,medium,low,8,namecheap,,,12/09/2026 04:48
27fc3174-ae79-4d62-90cc-d9e89bc07aae,tears.fans,premium,116,116,high,low,5,namesilo,,,24/09/2026 02:29
6b510ae5-e4d7-4927-8d78-266434129fd5,invented.fans,available,4.98,13.98,high,low,8,namecheap,,,01/10/2026 19:48
e381e2d8-5739-42e3-80e6-fd5400620df1,bok.fans,premium,155.45,310.7,high,low,3,spaceship,,,30/09/2026 19:18
1c18aaa9-7b47-4d97-97aa-72c11eab4188,reigning.fans,available,4.98,13.98,high,medium,8,namecheap,,,09/09/2026 12:57
a94ed1b4-f1bf-4c40-b596-d6a766bac424,northrop.fans,premium,55,55,medium,low,8,dynadot,,,28/09/2026 10:11
2229a546-695d-41b8-9375-1c0b7542629d,fiddler.fans,premium,32.5,65,high,low,7,namecheap,,,01/10/2026 02:09
999111ef-2513-4af6-9ed8-8139c63ca6e7,bounder.fans,available,4.98,13.98,medium,low,7,namecheap,,,24/09/2026 02:20
18a3d0e4-2d40-4085-ab45-0078dd748cff,kudos.fans,premium,53.92,53.92,high,low,5,namesilo,,,29/09/2026 10:58
0e644319-9118-4ab0-b7da-d6ff5b81bca2,brady.fans,premium,53.92,53.92,high,low,5,namesilo,,,25/09/2026 02:15
6bf5894e-bf69-4b29-8719-fbc50fbe9ef3,rivals.fans,premium,65,130,medium,low,6,namecheap,,,20/09/2026 05:05
6206f543-b2a8-436c-b46c-f3084d5b8f40,allogeneic.fans,available,4.98,13.98,medium,low,10,namecheap,,,
bc4ec710-71a1-4868-9b8c-1ee37a2582c1,poetically.fans,available,4.98,13.98,medium,low,10,namecheap,,,15/09/2026 20:51
49eadc10-2220-4a29-add5-aebedfabd3c3,smarts.fans,premium,65,130,high,low,6,namecheap,,,16/09/2026 18:16
6f20b7ab-8ee2-49b1-b90f-9d2bfa6dc0ed,randy.fans,premium,65,130,high,low,5,namecheap,,,21/08/2026 14:08
462f1c52-0439-46a2-bdd6-bec7d8f3cd01,chariot.fans,available,4.18,8.46,high,low,7,spaceship,,,29/09/2026 11:53
ac236863-08f9-4f0b-a7d7-cd04f8872041,arab.fans,available,,,high,low,4,,,,
b27c956d-f2b7-4554-9d74-eeaaea13601e,vermilion.fans,available,4.98,13.98,high,low,9,namecheap,,,12/08/2026 05:45
03628807-3280-4d65-b000-b4829e02aaca,gallipoli.fans,available,8.78,8.78,medium,low,9,dynadot,,,29/09/2026 22:32
9d047754-e2cc-4b49-8471-bb4ec57f5842,slugs.fans,available,9.88,9.88,medium,low,5,namesilo,,,20/09/2026 08:54
1d73920d-08b9-404e-ba96-47f939547543,reticently.fans,available,4.98,13.98,medium,low,10,namecheap,,,15/09/2026 23:31
e25c8282-2e5c-427e-8587-b28c1edca140,parhelic.fans,available,4.98,13.98,medium,low,8,namecheap,,,08/09/2026 01:31
9a060886-c318-4bbb-8b87-4a747391e319,cheesecake.fans,premium,116,116,high,low,10,namesilo,,,24/09/2026 14:12
451089aa-7cc7-4cea-9b01-bfd4fae6835a,finis.fans,available,4.98,13.98,high,low,5,namecheap,,,12/08/2026 12:06
bbd890f9-c607-487d-85bb-88c77a90607d,rumored.fans,available,9.88,9.88,medium,low,7,namesilo,,,01/10/2026 06:08
1de281b8-9748-42c6-8b6c-2ce53ee65d22,resolvable.fans,available,4.18,8.46,high,low,10,spaceship,,,27/09/2026 12:20
afe3a7e0-2b44-428a-a4e6-b87add08f845,vax.fans,premium,242,242,high,low,3,namesilo,,,02/10/2026 02:08
f6de96eb-8fd8-4d07-8960-ce5606d24fc7,halab.fans,available,9.88,9.88,medium,low,5,namesilo,,,18/09/2026 05:12
b1c4f54a-dafa-4951-a532-1407cf0f6b64,astonished.fans,available,9.88,9.88,high,low,10,namesilo,,,22/09/2026 03:35
54942921-383a-4a2f-b65b-061765bd6f80,reversed.fans,premium,110,110,high,low,8,dynadot,,,27/09/2026 14:11
894fc732-60ef-4570-b542-af49006870a4,chewy.fans,premium,32.5,65,high,high,5,namecheap,,,12/08/2026 04:32
f03ec37a-3216-4c63-94bd-fd55754efff3,rubidium.fans,available,9.88,9.88,medium,low,8,namesilo,,,20/09/2026 22:58
286c31e5-40a4-44c2-a897-62cb9eabca26,everyday.fans,premium,116,116,high,low,8,namesilo,,,24/09/2026 15:36
fff91c21-8d23-4629-99b3-e469091a9045,questions.fans,premium,116,116,high,low,9,namesilo,,,01/10/2026 17:14
a180ac47-a390-4f7d-9239-516374600676,dynamical.fans,available,4.98,13.98,high,low,9,namecheap,,,14/08/2026 21:57
524de12a-ab7e-46eb-bf13-5ac6f7bf0ef0,questionnaire.fans,premium,65,130,high,low,13,namecheap,,,01/10/2026 04:57
3e2684b6-7dde-4997-84a6-7b97ba43ced8,acinic.fans,available,4.98,13.98,medium,low,6,namecheap,,,
19087148-7296-4d44-869e-4ed66aa8ea24,ancylus.fans,available,9.88,9.88,medium,low,7,namesilo,,,19/09/2026 03:54
b5ce3700-3bab-4cc2-80d3-37b2e8a45788,billfold.fans,available,9.88,9.88,high,low,8,namesilo,,,23/09/2026 16:16
c2c9917a-ee67-403b-ae17-460096d75ac1,heartland.fans,premium,,,high,low,9,,,,02/10/2026 05:11
e9c430b5-2720-4b12-b3f4-fb588e5f3abc,diagnose.fans,premium,26.08,51.95,high,low,8,spaceship,,,30/09/2026 19:11
88db51bf-c773-4412-bfeb-65130cf17ca8,uub.fans,premium,242,242,medium,low,3,namesilo,,,20/09/2026 22:14
d2a11298-ba02-45bd-ac2d-4612f0743a3e,burns.fans,premium,116,116,medium,low,5,namesilo,,,25/09/2026 03:46
27c87932-a3be-4400-9b04-1ffea801cea8,hum.fans,premium,155.45,310.7,high,low,3,spaceship,,,28/09/2026 19:52
864b7c7f-5986-4bd1-ab65-9b76183f57c3,belknap.fans,available,8.2,8.2,high,low,7,cloudflare,,,29/09/2026 15:05
224518e2-77f4-4579-9c35-28c5ae52428e,plaques.fans,available,4.98,13.98,low,low,7,namecheap,,,20/09/2026 08:19
01bc09d4-9167-4ec8-b207-681449b14e82,optimized.fans,premium,65,130,high,low,9,namecheap,,,27/09/2026 22:29
1333ac9a-c621-4843-abb1-f0019b62e3fa,opium.fans,premium,55,55,medium,low,5,dynadot,,,29/09/2026 01:45
c8613768-9bbf-43c1-8e55-72fe0247d66f,pilgrim.fans,premium,116,116,high,low,7,namesilo,,,28/09/2026 10:43
5452e87d-6374-4ffc-9c60-2b1a81dfe941,didrikson.fans,available,9.88,9.88,medium,low,9,namesilo,,,21/09/2026 12:34
526d1ea2-4d5c-46a5-a9be-e6969fc82f7b,averroes.fans,available,4.98,13.98,medium,low,8,namecheap,,,16/09/2026 18:56
d3f9973b-0d64-44bd-9a0f-681682faccfb,mankind.fans,premium,51.95,103.7,high,low,7,spaceship,,,28/09/2026 02:08
32661b37-5c77-4a64-9d3e-9b5362f3e70e,jut.fans,premium,195,390,medium,low,3,namecheap,,,22/08/2026 14:56
1d7093a0-f927-4d79-810f-98327e6b8e88,damn.fans,premium,242,242,high,low,4,namesilo,,,22/09/2026 00:35
a21b6513-cb99-4599-816c-51829aa4d470,fleischer.fans,available,4.18,8.46,high,low,9,spaceship,,,30/09/2026 16:27
99e6d6a6-b0e4-4d09-bd02-759a1345c02b,turpin.fans,available,4.18,8.46,medium,low,6,spaceship,,,01/10/2026 01:44
c92f5968-f918-4514-8686-5fdf65b05e50,executioner.fans,premium,51.95,103.7,medium,low,11,spaceship,,,01/10/2026 04:38
f3afff6c-40a6-473b-b48e-1a6932be9039,hayseed.fans,available,4.98,13.98,medium,low,7,namecheap,,,21/08/2026 08:05
b82570b1-c1cc-4b19-9c3d-fed1ac14b395,summertime.fans,premium,32.5,65,high,low,11,namecheap,,,18/09/2026 00:39
361295a1-f67d-4e4a-a56f-b2ddda56e408,compartment.fans,premium,53.92,53.92,high,low,11,namesilo,,,28/09/2026 03:28
de834eec-dcd0-4f83-af97-ca81ae48dd4b,cacophonic.fans,available,4.98,13.98,low,low,10,namecheap,,,11/08/2026 12:33
4868208d-91d4-449f-92a1-92f60733074c,somewhere.fans,premium,32.5,65,high,low,9,namecheap,,,16/09/2026 04:14
e8326b85-bb4f-420c-af92-eb0548cd49e6,scraped.fans,available,9.88,9.88,low,low,7,namesilo,,,02/10/2026 02:28
9d2e3a12-ffd9-4b34-959f-f06ce60532b3,explanation.fans,premium,35,70,high,low,11,namecheap,,,
c74fa93e-e130-48b5-af66-097d418eef50,hotly.fans,available,4.98,13.98,medium,low,5,namecheap,,,14/09/2026 23:58
234ea819-496b-4c8f-bc7e-0ec77593c215,turds.fans,available,9.88,9.88,low,low,5,namesilo,,,18/09/2026 11:32
5783e89b-005c-4a22-8146-e419dac85729,therapist.fans,available,15.99,15.99,high,low,9,godaddy,,,28/09/2026 02:06
7cfc6e5c-ee3e-4327-b262-178fb8e7f7bf,persisting.fans,available,4.98,13.98,high,low,10,namecheap,,,14/08/2026 15:05
e10416f4-4a46-467d-b7af-7574e08b0263,vogel.fans,premium,103.7,207.2,high,low,5,spaceship,,,28/09/2026 04:48
5a451739-3889-415d-8078-54e789c5ad94,arabella.fans,premium,53.92,53.92,medium,low,8,namesilo,,,01/10/2026 08:14
9055910b-1dd1-48f2-9325-2a44bbd96a00,billfish.fans,available,9.88,9.88,medium,low,8,namesilo,,,23/09/2026 16:15
11dd22ad-0a9e-4929-8f14-0863bf917751,balletic.fans,available,4.98,13.98,medium,low,8,namecheap,,,08/08/2026 10:26
ab9c8031-3711-4b59-abd3-da301e4f1b05,dekker.fans,available,4.18,8.46,high,low,6,spaceship,,,29/09/2026 18:35
5c9f3aea-9d77-4c57-a2ae-8f032bec2840,typo.fans,premium,130,260,high,low,4,namecheap,,,24/08/2026 07:23
a8d1603c-7fa2-46ad-9b40-e1ce150e385b,institution.fans,available,9.88,9.88,high,low,11,namesilo,,,27/09/2026 08:25
1f6fd77b-fd8d-417c-9bb8-bfc80d0a8c72,forster.fans,premium,53.92,53.92,medium,low,7,namesilo,,,26/09/2026 03:41
58d0f088-1594-4c3e-9a33-0bf4c145f037,specially.fans,available,9.88,9.88,medium,low,9,namesilo,,,28/09/2026 14:42
59ba287a-ed54-4c2f-9674-cb1e23e13a92,documentation.fans,premium,26.08,51.95,high,low,13,spaceship,,,01/10/2026 06:22
f1b71f57-caea-407c-8e5a-106c975d016e,overrated.fans,available,9.88,9.88,medium,low,10,namesilo,,,18/09/2026 11:36
4b25e5bb-e4b8-4e52-892e-e758ee94f708,comics.fans,premium,70,70,high,low,6,namecheap,,,
d3bd572f-56a5-4f02-be8f-c7bc8631c694,unbranded.fans,available,4.98,13.98,high,low,9,namecheap,,,12/09/2026 04:29
2d3da7b4-bb5f-41c8-bb6e-36272d1fdee0,becket.fans,available,9.88,9.88,high,low,6,namesilo,,,22/09/2026 22:36
23d64d80-2d45-41ff-b085-f9a3fd50737a,malignant.fans,premium,32.5,65,medium,low,9,namecheap,,,24/08/2026 14:08
710b956c-c096-4e78-bbd6-0fa76b128ea2,doctorfish.fans,available,4.98,13.98,medium,low,10,namecheap,,,16/09/2026 20:58
bf9b72be-d473-4790-85e4-146daf0a5413,enliven.fans,premium,53.92,53.92,high,low,7,namesilo,,,22/09/2026 04:56
463e539b-4ebf-40d1-8782-6af939001112,analgesic.fans,available,4.98,13.98,medium,low,9,namecheap,,,
ddf6835a-cf79-4312-85bd-fb77be35fd0b,mayhem.fans,premium,103.7,207.2,high,low,6,spaceship,,,30/09/2026 17:33
5742a62a-da3a-4bc3-a4c5-bb0a9036d7b5,dwelling.fans,premium,26.08,51.95,high,low,8,spaceship,,,29/09/2026 17:19
a48c22d9-d17b-40aa-bbc4-66e2cccf11a3,edamame.fans,available,4.98,13.98,high,low,7,namecheap,,,20/09/2026 02:22
09439a6c-ac83-4fcd-900e-3b9e1adfe347,astutely.fans,available,4.98,13.98,medium,low,8,namecheap,,,13/09/2026 22:20
8534a161-6e3f-4ba9-bbfa-5f36abf7f7f2,ingenuous.fans,available,4.98,13.98,medium,low,9,namecheap,,,06/08/2026 23:41
00d5c7ed-fd2e-401a-a4f3-52a7e770ea13,theological.fans,available,9.88,9.88,medium,low,11,namesilo,,,01/10/2026 13:13
fe9db8d1-15e3-4306-b632-eca77f697f46,cir.fans,premium,103.7,207.2,high,low,3,spaceship,,,29/09/2026 09:07
337a0c36-c118-434b-8c52-1e20f8b81291,larson.fans,premium,116,116,medium,low,6,namesilo,,,27/09/2026 01:48
b23b1204-600a-485c-a012-0ca1195be972,inquisition.fans,available,9.88,9.88,medium,low,11,namesilo,,,01/10/2026 22:41
0b779c47-bea1-4a78-8d3e-baf63a136fef,dissident.fans,available,4.98,13.98,medium,low,9,namecheap,,,14/08/2026 12:30
5e4d3606-6193-4b87-8a3e-ceb3b7894fe7,bogdan.fans,available,9.88,9.88,medium,low,6,namesilo,,,01/10/2026 23:51
468a4d92-5033-4ea7-968a-1739e2b22f72,plundered.fans,available,4.98,13.98,medium,low,9,namecheap,,,24/08/2026 09:47
60c18385-e1fc-4a2c-8e75-656adb7ccd94,festal.fans,available,4.98,13.98,medium,low,6,namecheap,,,18/08/2026 02:13
948fd213-10e1-483c-b3b9-786cda0a92ab,josh.fans,premium,65,130,high,medium,4,namecheap,,,22/08/2026 13:51
c482fb44-0b84-44e2-9d12-a787efd45945,aggravated.fans,available,4.98,13.98,medium,low,10,namecheap,,,
ecbc644f-7be3-422b-ad59-686e5ae1c06f,cyclical.fans,available,19.99,19.99,high,low,8,name.com,,,13/08/2026 13:34
a586bd9b-882f-4058-93c1-1ac7ed7470bf,bannock.fans,available,9.88,9.88,medium,low,7,namesilo,,,22/09/2026 02:55
75b5ed48-1605-442d-bf5d-bf19408101a5,pricey.fans,available,4.98,13.98,medium,low,6,namecheap,,,21/08/2026 08:57
88f23c83-d292-40df-8e74-986754a628be,another.fans,premium,116,116,high,low,7,namesilo,,,01/10/2026 00:35
9c92aa7c-5422-4a89-ae92-e01484b32383,boland.fans,available,9.88,9.88,medium,low,6,namesilo,,,29/09/2026 04:35
3b086309-0927-4b3f-be5f-3f30c7637880,dip.fans,premium,242,242,high,low,3,namesilo,,,24/09/2026 10:33
58b2f4b1-cfcc-4d28-9eb4-0bbe078dae17,undertaken.fans,available,3.6,8.75,medium,low,10,porkbun,,,01/10/2026 13:36
6fc1488a-ff5c-4174-a477-1e96e8b4d63d,knew.fans,premium,116,116,medium,low,4,namesilo,,,
7750aa03-ce9c-4351-97ea-56db9f9f13ad,mayhap.fans,available,4.98,13.98,medium,low,6,namecheap,,,15/09/2026 13:45
4ae738e6-707d-4f35-8bd5-ee79e28bde5f,flakes.fans,available,4.18,8.46,medium,low,6,spaceship,,,30/09/2026 23:20
8014bb79-03f6-413f-9cce-c32164f5380c,botched.fans,premium,65,130,medium,low,7,namecheap,,,10/08/2026 20:51
8c5a027a-caaf-428d-bc43-294d636b8ad9,measles.fans,available,3.6,8.75,medium,low,7,porkbun,,,30/09/2026 04:11
4aad09fd-2175-4b5f-9de4-5f58ea057dca,malfunction.fans,premium,26.08,51.95,high,low,11,spaceship,,,29/09/2026 08:32
6c836a49-5cca-4df0-bddf-1523fbb189c3,guarding.fans,available,4.18,8.46,medium,low,8,spaceship,,,28/09/2026 12:47
0b07f371-2eb7-47f3-86a2-01b194e346f2,amia.fans,available,4.98,13.98,high,low,4,namecheap,,,18/09/2026 21:14
100a5e04-176d-4c79-9d11-7806c3bbb657,mentality.fans,available,9.88,9.88,medium,low,9,namesilo,,,29/09/2026 06:09
b8bcbf19-2f32-4989-a6b3-e1e26db440b4,archive.fans,premium,65,130,high,medium,7,namecheap,,,20/09/2026 02:19
0312a9b2-c98b-4505-83bd-f27b9475c653,sophisticated.fans,premium,55.11,109.69,high,low,13,porkbun,,,01/10/2026 19:52
8cda11df-9bd6-421e-8ebc-21185c905375,torre.fans,premium,330,330,high,low,5,dynadot,,,28/09/2026 03:40
1ab2877d-9a71-4ad3-a5b2-840a313e9a34,rustic.fans,available,,,high,low,6,,,,
1b0bbef9-1b4b-4ea7-bde6-1aa811c26d28,abroad.fans,premium,130,260,high,low,6,namecheap,,,21/09/2026 14:31
378612ee-cf49-4f2e-b8e6-f1ee728c4fb5,minnesota.fans,premium,26.08,51.95,high,low,9,spaceship,,,28/09/2026 14:20
cc7a2ecb-37fe-49b2-a5ed-130fe08c5e59,strap.fans,premium,116,116,high,low,5,namesilo,,,28/09/2026 10:12
cb3c6470-3e39-4a5c-adb3-c3bb931b9518,wine.fans,premium,640,640,high,medium,4,namesilo,,,30/09/2026 14:29
d99407cf-1639-45f3-a268-91a9fea65380,britannic.fans,available,4.98,13.98,medium,low,9,namecheap,,,11/08/2026 04:44
61e5da19-290d-413c-80a6-62555e455d42,kastler.fans,available,9.88,9.88,medium,low,7,namesilo,,,18/09/2026 06:34
f3def920-ad78-4b62-a979-b0c1a4c6954d,bubonic.fans,available,4.98,13.98,medium,low,7,namecheap,,,11/08/2026 07:26
f7c67ffc-b3e1-496e-9548-75a4e30a9763,perch.fans,available,4.98,13.98,high,low,5,namecheap,,,
0a098410-525a-431a-99f4-1850de0dfce1,effects.fans,premium,116,116,high,low,7,namesilo,,,27/09/2026 03:49
33b5d644-1efc-47d4-bd72-92fd102be233,fitted.fans,premium,65,130,high,low,6,namecheap,,,18/08/2026 05:47
5539c4c7-d21a-496f-81fd-7ddeec300335,converts.fans,premium,41.68,82.83,medium,low,8,porkbun,,,01/10/2026 00:07
ba896e37-080e-4b6f-b844-2ed955dff142,golan.fans,available,9.88,9.88,medium,low,5,namesilo,,,30/09/2026 01:46
5b85ba4c-e670-4da4-abaf-5c13950bc040,viewless.fans,available,4.98,13.98,medium,low,8,namecheap,,,13/09/2026 05:40
61d607a3-a4a8-4809-9518-9498eecafe50,kingsbury.fans,available,4.18,8.46,high,low,9,spaceship,,,29/09/2026 22:52
df2f4927-1ca4-4513-a048-b4c4041b54b2,sinhalese.fans,premium,65,130,high,medium,9,namecheap,,,10/09/2026 08:23
42f9ff8a-b4a6-4b24-b8dc-6d3b1cb7ed97,artichoke.fans,available,9.88,9.88,high,low,9,namesilo,,,20/09/2026 11:12
14ee90f0-fadf-4aff-9e51-a37b115a519b,peck.fans,premium,65,130,high,low,4,namecheap,,,25/08/2026 00:37
cebcb6d8-7340-46b3-aec6-bb32684e034f,extraneous.fans,available,4.98,13.98,medium,low,10,namecheap,,,17/08/2026 19:20
df5f9271-b4ce-46dd-8854-ccd0cc07f2c8,emile.fans,available,9.88,9.88,medium,low,5,namesilo,,,27/09/2026 13:23
e28bdb6a-3d90-4caa-b7f6-ff92502e7b81,comforting.fans,available,4.98,13.98,high,low,10,namecheap,,,12/08/2026 03:43
58a34d3a-4175-4519-aba0-8b5a7a11f00f,textile.fans,premium,116,116,high,low,7,namesilo,,,28/09/2026 02:25
4fdc685a-8b4c-49b6-b2d3-f7a301f7b53e,hooter.fans,available,9.88,9.88,medium,low,6,namesilo,,,21/09/2026 07:22
542655e0-fa2e-4410-9d4f-c5e4c157bc81,righteous.fans,available,4.18,8.46,high,low,9,spaceship,,,27/09/2026 15:12
8ddc5f81-f417-471d-860d-c064a44b923c,muncie.fans,available,4.18,8.46,medium,low,6,spaceship,,,30/09/2026 02:21
8ce2903b-66f5-4f17-a16c-e31ec92b4a25,bridgeable.fans,available,4.98,13.98,medium,low,10,namecheap,,,11/08/2026 04:00
934245d7-39e7-41ff-8502-ab1e01a3420e,baiting.fans,premium,65,130,medium,low,7,namecheap,,,21/09/2026 19:58
ade8d6b8-7c73-4047-843d-e7915b75b9ca,deceptive.fans,available,4.98,13.98,medium,low,9,namecheap,,,13/08/2026 21:16
6ab26597-e883-46a7-b2fa-b82a7ef0a405,highborn.fans,available,4.98,13.98,medium,low,8,namecheap,,,13/08/2026 01:48
ecbe5b70-4d7b-46c1-b94f-b8e938954459,unlisted.fans,available,4.98,13.98,medium,low,8,namecheap,,,12/09/2026 14:55
3175ccb7-e80e-44bf-8b38-ad247202a1f0,attentions.fans,premium,32.5,65,medium,low,10,namecheap,,,19/09/2026 21:27
c8089e96-224a-43f3-b1ed-05306e10bd47,mixer.fans,premium,32.5,65,high,medium,5,namecheap,,,10/09/2026 13:09
1ccbde3a-91f0-427b-930f-c4838bc68c06,hartford.fans,premium,26.08,51.95,high,low,8,spaceship,,,28/09/2026 18:33
a42a69bb-8b75-4a5d-8274-369fce0be40c,northmost.fans,available,9.88,9.88,medium,low,9,namesilo,,,03/09/2026 21:38
1ec1e5cb-cc19-4312-8472-1e2034b1c853,sanchez.fans,premium,65,130,high,low,7,namecheap,,,19/09/2026 04:36
e16319f0-eae4-4541-ad8d-dd37c861ea0e,pierre.fans,premium,116,116,high,low,6,namesilo,,,24/09/2026 12:24
efeb9ccd-4d65-412a-95ed-f9322f276e6f,paschal.fans,available,4.98,13.98,medium,low,7,namecheap,,,08/09/2026 02:20
ec35fd9c-9577-4c58-bcc5-82eaba30cf91,kindergarten.fans,premium,53.92,53.92,high,low,12,namesilo,,,29/09/2026 05:20
0a7572b1-692c-4d8e-93d0-1461bebd4c10,bagatelle.fans,available,4.98,13.98,medium,low,9,namecheap,,,21/09/2026 17:53
0415880b-2aed-40d3-b3c8-d1d482da598c,bakunin.fans,available,4.98,13.98,medium,low,7,namecheap,,,21/09/2026 20:26
56f4a605-6656-4498-bf3a-4454dd5cdf9b,enterprising.fans,available,4.18,8.46,high,low,12,spaceship,,,30/09/2026 02:31
d9321592-129f-43ef-96e5-e8c5c2f31d9d,pieces.fans,premium,325,650,medium,low,6,namecheap,,,17/09/2026 19:58
10743e41-08c8-4849-aecd-6f67e164f57d,haploid.fans,available,4.98,13.98,medium,low,7,namecheap,,,20/08/2026 23:55
1564aafe-d2f8-4296-bf59-aab27de5ac56,ross.fans,premium,116,116,high,low,4,namesilo,,,23/09/2026 11:35
e00022a7-310a-43a8-a57b-a5bbed47a450,aptness.fans,available,9.88,9.88,medium,low,7,namesilo,,,19/09/2026 22:03
215d88db-948a-4d38-bb71-84719dcd6c60,andesite.fans,available,9.88,9.88,medium,low,8,namesilo,,,19/09/2026 04:04
8c9bc668-0f8e-42b8-922b-c6f3af42d1ef,coppery.fans,available,4.98,13.98,medium,low,7,namecheap,,,13/08/2026 00:34
5da4a85f-5736-4ce5-83fe-935eda8e8deb,lot.fans,premium,195,390,high,low,3,namecheap,,,25/09/2026 20:36
e299d784-75a7-431d-b3db-bd63032334c3,carboxyl.fans,available,4.98,13.98,medium,low,8,namecheap,,,11/08/2026 18:44
9037fa14-88ba-43a8-8d58-61469d51ca41,hero.fans,premium,640,640,high,medium,4,namesilo,,,29/09/2026 12:56
ff476838-9b23-40e6-90cc-ae7dfec54da0,abelard.fans,premium,53.92,53.92,medium,low,7,namesilo,,,16/09/2026 14:59
1d904d98-4dd8-433e-ba5d-40be5689d5d8,crybaby.fans,available,9.88,9.88,medium,low,7,namesilo,,,23/09/2026 06:47
03ec9596-7354-407d-a063-ecd181bcf82c,acf.fans,premium,,,high,low,3,,,,01/10/2026 23:29
59420a4b-e6ce-4272-98b5-8f0730753057,ingrid.fans,premium,53.92,53.92,medium,low,6,namesilo,,,28/09/2026 16:32
79aa103e-9897-4d2e-a237-e879f0bab467,prefigure.fans,available,9.88,9.88,medium,low,9,namesilo,,,21/09/2026 03:35
73a16ee4-39e0-4f9d-9e5b-3cda90ce3469,mane.fans,premium,26.08,51.95,high,low,4,spaceship,,,02/10/2026 05:11
9fbfe574-df7a-4b9a-a360-73d524282589,syndicate.fans,premium,116,116,high,low,9,namesilo,,,24/09/2026 17:30
73534ae6-8fbc-4d75-ab54-5dc9014a5407,spam.fans,premium,110,110,high,low,4,dynadot,,,30/09/2026 01:08
632abe26-9936-406d-a56e-51230b7dee45,wha.fans,premium,242,242,medium,low,3,namesilo,,,29/09/2026 14:45
6eb8702b-6e9c-4240-a9e4-a75bf081e1ae,katanga.fans,available,8.78,8.78,medium,low,7,dynadot,,,30/09/2026 21:27
b525c518-5cb8-496d-8b25-31c4fadc31de,akka.fans,premium,53.92,53.92,high,low,4,namesilo,,,16/09/2026 22:23
0531d93f-c329-4258-887f-8a8e47984a84,untreated.fans,available,4.98,13.98,medium,low,9,namecheap,,,12/09/2026 21:44
df6cde64-983f-46a8-bbfb-2649a568259d,dilettante.fans,available,4.98,13.98,medium,low,10,namecheap,,,14/08/2026 07:38
7107a96b-c19f-4ff7-ba51-e365146bb2ad,granicus.fans,premium,53.92,53.92,medium,low,8,namesilo,,,22/09/2026 15:08
3ee38ce5-ce94-4edd-8a3d-75983c3adc6f,milwaukee.fans,premium,32.5,65,high,low,9,namecheap,,,29/09/2026 01:40
9770e29f-7f8a-462b-bfe5-3987d583b7b8,prone.fans,premium,65,130,medium,low,5,namecheap,,,27/09/2026 07:37
90bfa8ca-01de-4296-8d89-df677a7f21bc,yobbo.fans,available,4.98,13.98,medium,low,5,namecheap,,,11/08/2026 08:50
3283a8bc-5b77-4c1c-9483-025e96044c69,rituals.fans,premium,26.08,51.95,medium,low,7,spaceship,,,29/09/2026 05:40
a8f884f0-8a9e-4f12-96a9-3d776c914ceb,remembrance.fans,available,9.88,9.88,high,low,11,namesilo,,,30/09/2026 03:43
efa01801-52c4-436c-8339-38fc747c79ba,marginally.fans,available,4.98,13.98,medium,low,10,namecheap,,,15/09/2026 13:29
1f431f68-12c1-4c00-9342-63b6b093cf25,slowing.fans,premium,51.95,103.7,medium,low,7,spaceship,,,29/09/2026 06:36
69de385a-1a36-46e6-ba38-109a33745e4b,immense.fans,premium,65,130,high,low,7,namecheap,,,25/09/2026 06:12
28c9bcea-0711-421d-82b5-d1fee3088038,spurting.fans,available,4.98,13.98,medium,low,8,namecheap,,,22/08/2026 13:13
2644c939-776d-4255-9d30-3d9d2b439e55,nuthin.fans,available,9.88,9.88,medium,low,6,namesilo,,,02/10/2026 04:51
2f955528-a7e2-4e7b-950d-d3a779707b5e,esthetical.fans,available,4.98,13.98,medium,low,10,namecheap,,,21/09/2026 21:22
5b867844-9997-4fd2-8842-8eb8d9cb2bd5,lowest.fans,premium,65,130,medium,low,6,namecheap,,,22/08/2026 20:22
3ed28b41-6c0c-42f6-8d34-3ba6de261703,indigen.fans,available,9.88,9.88,medium,low,7,namesilo,,,03/09/2026 13:47
2e4c8717-44bc-435b-9312-bdd28317fe3e,fossils.fans,premium,26.08,51.95,medium,low,7,spaceship,,,01/10/2026 17:33
78dec3fa-0596-4a31-b8a0-42faac1020c9,expandable.fans,available,4.98,13.98,high,low,10,namecheap,,,17/08/2026 17:51
c96e81cd-b076-4b95-868c-14f00d6d9577,product.fans,premium,51.95,103.7,high,medium,7,spaceship,,,01/10/2026 01:06
463bafc7-2510-4bcc-a48a-c9b5aa3a25c0,lead.fans,premium,242,242,high,medium,4,namesilo,,,25/09/2026 13:15
b8134d92-7eb9-486c-9084-e27b06e506a3,hilarious.fans,premium,65,130,high,low,9,namecheap,,,21/08/2026 09:21
1565facf-4a89-463c-b91e-6c6f5b7a6305,stockholders.fans,available,8.2,8.2,medium,low,12,cloudflare,,,01/10/2026 18:35
e6229ed0-6b64-4054-a2a7-e6e223d9396d,invaluable.fans,available,9.88,9.88,high,low,10,namesilo,,,25/09/2026 11:01
c0ddf133-2b2d-4469-a8e9-fb458e0435f8,riffle.fans,available,4.98,13.98,medium,low,6,namecheap,,,12/09/2026 08:36
6913d2a3-80c4-4a64-bf44-8172ff4e18dd,haryana.fans,premium,26.08,51.95,medium,low,7,spaceship,,,30/09/2026 12:51
45570e8c-6a92-477f-81a3-99f591ab9c11,pilots.fans,premium,116,116,medium,low,6,namesilo,,,28/09/2026 00:23
985d9e3e-c87e-4fe2-b2c2-ee25bab932ca,lavoisier.fans,available,9.88,9.88,medium,low,9,namesilo,,,19/09/2026 15:25
973e560f-5959-4c72-9c7f-bf0f649154a3,piles.fans,available,4.98,13.98,high,low,5,namecheap,,,14/09/2026 23:21
76f757a6-3a6f-49a3-b6d6-fb0ee63c42bf,slovak.fans,premium,53.92,53.92,high,low,6,namesilo,,,25/09/2026 10:44
0d46d445-2af8-4d86-ad05-261838591f0b,slickly.fans,available,4.98,13.98,medium,low,7,namecheap,,,14/09/2026 21:36
c992d0a5-8967-4b14-899b-8c1bba73f77e,llc.fans,premium,384,384,high,low,3,namesilo,,,25/09/2026 11:14
1a04971c-93e2-470d-8c7e-bcb13cf6e3a1,annex.fans,premium,51.95,103.7,medium,low,5,spaceship,,,28/09/2026 21:27
5753e257-807a-4d0a-a828-d561e3e05b85,befitting.fans,available,4.98,13.98,medium,low,9,namecheap,,,09/08/2026 08:38
f9f348b5-843b-4af7-bc28-77f70a438c31,decca.fans,available,9.88,9.88,medium,low,5,namesilo,,,28/09/2026 21:44
f2c9bc66-399d-4e9e-8ff5-56b7c6614296,conductor.fans,premium,116,116,high,low,9,namesilo,,,29/09/2026 10:48
b8eb61dd-0629-4f8e-8e58-effd92e3ece5,shovel.fans,premium,116,116,high,low,6,namesilo,,,28/09/2026 15:04
cb42efd4-2b08-4aba-a23a-23671b9e37fd,efforts.fans,available,3.6,8.75,medium,low,7,porkbun,,,27/09/2026 22:23
98d9a127-daa8-4fff-b6ca-baa504e646ef,constitutes.fans,available,4.18,8.46,low,low,11,spaceship,,,30/09/2026 00:12
c46c460e-084e-48ea-99f8-5875666d5772,dishonour.fans,available,3.6,8.75,medium,low,9,porkbun,,,29/09/2026 15:45
2d3f8b53-c1d6-4a76-912f-69b2788a131e,landed.fans,available,4.98,13.98,high,low,6,namecheap,,,22/08/2026 19:22
107971f3-0ef3-43ff-8158-71a7978f19b6,infirmary.fans,available,9.88,9.88,high,low,9,namesilo,,,29/09/2026 13:04
2d591a7b-54cd-43be-9d67-920b306d337f,kaohsiung.fans,available,9.88,9.88,medium,low,9,namesilo,,,02/10/2026 00:29
cb87f2ea-a275-4143-9e8f-12cbc0344299,scenarios.fans,available,4.98,13.98,medium,low,9,namecheap,,,29/09/2026 17:21
0bdb7f35-3c2a-47a4-9627-12e36362a469,baldhead.fans,available,9.88,9.88,medium,low,8,namesilo,,,21/09/2026 21:41
c45c3ff4-79ee-4f19-9168-fcd2659a9580,biro.fans,available,9.88,9.88,medium,low,4,namesilo,,,21/09/2026 23:23
ff897bb2-86a8-4096-8cdc-6121bf9d9565,fledgling.fans,available,4.98,13.98,medium,low,9,namecheap,,,11/08/2026 14:45
1b92a9d4-99a5-41a6-ac84-348491596c99,jovial.fans,available,4.98,13.98,high,low,6,namecheap,,,22/08/2026 13:42
b878f52e-2d78-4f59-a31c-435322d63daf,franklin.fans,premium,116,116,high,low,8,namesilo,,,23/09/2026 08:17
615e4740-a3cf-4844-a2a3-ddf643dc02de,mischief.fans,premium,116,116,high,low,8,namesilo,,,21/09/2026 21:54
e4b7bb72-6c9d-42bb-a2dc-3f3401b41d64,standon.fans,available,9.88,9.88,medium,low,8,namesilo,,,
b0315c17-75dd-40c4-8a47-b1d71eba85f9,asimina.fans,available,9.88,9.88,medium,low,7,namesilo,,,20/09/2026 14:10
c7d1a745-4bf5-4f3f-810c-63a29a5860af,andalusia.fans,available,9.88,9.88,high,low,9,namesilo,,,19/09/2026 03:57
cce500c7-7dd9-4679-a912-34744c2d01c8,uncreative.fans,available,4.98,13.98,medium,low,10,namecheap,,,12/09/2026 06:24
68e3cb72-9a6a-4ce2-8ec0-27d4baf22334,brassiere.fans,premium,65,130,high,low,9,namecheap,,,22/09/2026 01:02
130a57a8-74ba-4fe6-a94d-22128d57c2be,battledore.fans,available,4.98,13.98,medium,low,10,namecheap,,,21/09/2026 17:16
2a458008-ed10-4f12-8999-c7c6093c0f19,asafoetida.fans,available,4.98,13.98,medium,low,10,namecheap,,,20/09/2026 12:43
8069aef9-5cdc-4048-8bd8-cd8f0f809e1f,defective.fans,premium,32.5,65,medium,low,9,namecheap,,,13/08/2026 23:06
10694dc4-e2f9-427f-bc20-8dd6d931c747,funicular.fans,available,4.98,13.98,medium,low,9,namecheap,,,18/08/2026 18:41
6408ce43-a112-4104-91d3-18cfb291132c,horses.fans,premium,242,242,medium,low,6,namesilo,,,17/09/2026 09:06
e11c868f-8c26-4ee6-b37b-b0c9ecd2b3d3,preachy.fans,available,4.98,13.98,high,medium,7,namecheap,,,09/09/2026 01:07
03e45d31-2ee9-4f9f-8f47-443a8dabf7a5,canvasback.fans,available,9.88,9.88,medium,low,10,namesilo,,,21/09/2026 10:51
b5778353-db31-47db-b802-918ec2a5b6b9,hostile.fans,premium,32.5,65,medium,low,7,namecheap,,,25/09/2026 00:05
71e56d11-4714-4055-ae94-c8fcbf71aca1,dermal.fans,available,19.99,19.99,high,low,6,name.com,,,13/08/2026 13:00
75ef2fd6-81ce-408b-962e-f3d0e9d857d8,toughest.fans,available,9.88,9.88,medium,low,8,namesilo,,,30/09/2026 00:39
b29ddd29-ec44-4adf-b84d-86eb6c2c4a90,gangs.fans,premium,116,116,low,low,5,namesilo,,,28/09/2026 13:19
55debe7e-c1a4-46d3-b53e-d2001f9c07e6,zhang.fans,premium,325,650,high,low,5,namecheap,,,25/09/2026 15:58
f002a6a6-340c-4193-90ca-2bc554377240,notecase.fans,available,9.88,9.88,medium,low,8,namesilo,,,23/09/2026 16:18
ed661978-758e-47d7-aba3-5ba49637688d,pressured.fans,available,4.18,8.46,low,low,9,spaceship,,,01/10/2026 18:34
4f19910b-3ed0-47e2-864d-d1880784c9b2,freckled.fans,available,4.98,13.98,medium,low,8,namecheap,,,18/08/2026 14:26
c319da24-6dd5-428a-a4a0-d34dfbe7e86d,ratified.fans,available,4.98,13.98,high,medium,8,namecheap,,,09/09/2026 10:33
158a1850-e9ec-415e-8fc1-66ce43143a21,cities.fans,premium,325,650,medium,low,6,namecheap,,,27/09/2026 09:25
cc434369-7d6e-48d0-9bbc-39fb83f692ee,lilting.fans,available,4.98,13.98,high,low,7,namecheap,,,23/08/2026 08:41
bff496fe-c093-42f0-bba5-91d22d928680,modular.fans,available,4.98,13.98,high,high,7,namecheap,,,25/08/2026 03:17
d6dc6c68-f6d8-4a66-a1d3-fd60873ad9e8,rendition.fans,premium,53.92,53.92,high,low,9,namesilo,,,02/10/2026 05:24
56de588e-837f-4d3a-aace-92101c0b81cf,norther.fans,available,10.98,13.98,medium,low,7,namecheap,,,03/09/2026 21:34
29b2a468-0703-4afa-883e-d45b98bc145a,adenoma.fans,available,9.88,9.88,medium,low,7,namesilo,,,17/09/2026 07:30
7715f680-ee6e-4652-9892-93ace0a3383f,fainting.fans,premium,,,medium,low,8,,,,01/10/2026 22:58
4b0dbcaf-0780-41b7-9944-b998c3142502,bedrest.fans,available,9.88,9.88,high,low,7,namesilo,,,22/09/2026 23:03
b8f0c0aa-a41d-47d9-98b4-5c18ed14f814,dignifying.fans,available,4.98,13.98,medium,low,10,namecheap,,,14/08/2026 07:23
b36b2553-b5f3-4ffe-b562-0ceb02296774,geiger.fans,premium,242,242,high,low,6,namesilo,,,01/10/2026 02:15
2ba199d0-b66d-4db0-b029-dcdf3f8253e7,thiamine.fans,available,19.99,19.99,medium,low,8,name.com,,,19/09/2026 05:38
3eff88f3-993a-4b23-9d28-5b45f083f91b,stanford.fans,premium,51.95,103.7,high,low,8,spaceship,,,28/09/2026 06:08
f123c4af-e3e3-4654-acd4-0b5364df58e1,regenerate.fans,premium,32.5,65,high,medium,10,namecheap,,,09/09/2026 12:49
5ea9fcd8-b849-4814-bcbd-1f05bc88f7de,battleship.fans,premium,116,116,high,low,10,namesilo,,,22/09/2026 16:29
b2d9c9b2-eccd-4427-a8e4-678b610cea8c,climax.fans,premium,116,116,high,low,6,namesilo,,,24/09/2026 15:38
a7fbf655-cf19-457f-871e-87d8f75de277,poolside.fans,premium,110,110,high,low,8,dynadot,,,02/10/2026 00:48
5097ea79-e5cc-4b62-937a-e413508fbcb8,bris.fans,premium,53.92,53.92,high,low,4,namesilo,,,23/09/2026 09:28
7a2cf9cf-ea61-4611-be3a-6ec406e02aa5,taxa.fans,premium,65,130,medium,low,4,namecheap,,,25/09/2026 17:29
a2c40fcc-ea3d-4029-affc-c67d27c83b41,defending.fans,premium,32.5,65,high,low,9,namecheap,,,13/08/2026 23:13
8fc48068-b20b-4848-a69f-8060b4f3094e,boys.fans,premium,242,242,high,low,4,namesilo,,,25/09/2026 17:34
79efa1d0-684c-4f83-817f-0b25d3c5c929,severely.fans,available,4.18,8.46,medium,low,8,spaceship,,,28/09/2026 13:15
cf2e0e62-9f12-4b2b-85c6-1b76261dbdfe,thwart.fans,available,4.98,13.98,medium,low,6,namecheap,,,09/09/2026 08:15
5f80609c-5024-43db-9c87-1971997eeba3,perturb.fans,available,9.88,9.88,medium,low,7,namesilo,,,24/09/2026 22:49
43540631-c829-46f9-bd22-f02bbbbf3774,baghdad.fans,premium,53.92,53.92,medium,low,7,namesilo,,,29/09/2026 00:27
81aad8be-f4ca-4ba0-ab30-aaf8eadc7675,astronium.fans,available,4.98,13.98,medium,low,9,namecheap,,,20/09/2026 18:03
4e503dd0-42f1-46a2-af7e-e5d03310c75b,dinnertime.fans,available,9.88,9.88,high,low,10,namesilo,,,24/09/2026 22:22
3b46c90d-2350-49f2-9f02-590fe63b3aff,antipodes.fans,available,9.88,9.88,medium,low,9,namesilo,,,19/09/2026 14:59
35e1e376-0c8b-481b-8305-c6337ab54461,dun.fans,premium,195,390,medium,low,3,namecheap,,,14/08/2026 21:12
57d6884d-c4bf-4410-9e7e-326b54c3acbd,ecstasy.fans,premium,32.5,65,high,low,7,namecheap,,,29/09/2026 12:00
e619df67-5f81-485e-9a49-aa158eb04a22,contractor.fans,premium,116,116,high,low,10,namesilo,,,24/09/2026 17:45
2a3aca7d-8e1d-4157-8ec9-8191150389db,respondents.fans,available,9.88,9.88,medium,low,11,namesilo,,,25/09/2026 21:41
72a3991e-fe2f-49d6-b77e-611e61556d46,scruffy.fans,available,4.98,13.98,medium,low,7,namecheap,,,10/09/2026 00:25
fdca046b-59fa-4984-bf45-4d926330c40c,bounded.fans,premium,32.5,65,medium,low,7,namecheap,,,10/08/2026 21:52
b89ae04c-e986-4971-bf34-6a8fca1e8f9d,involves.fans,available,9.88,9.88,medium,low,8,namesilo,,,19/09/2026 23:56
7b639b09-3e31-463b-9f6f-a0901a9b41e1,strength.fans,premium,116,116,high,low,8,namesilo,,,19/09/2026 17:18
41bcf8b3-e5b3-4fad-8d13-f8c9ca80e0b7,glenn.fans,premium,53.92,53.92,high,low,5,namesilo,,,25/09/2026 06:35
6a1ae542-10c4-4a13-bee0-cf36e6a8d1ef,awny.fans,available,4.98,13.98,medium,low,4,namecheap,,,08/08/2026 01:25
3aaf1baf-a731-4ef6-ae0b-1dace5527d9f,vindictive.fans,available,4.98,13.98,medium,low,10,namecheap,,,14/08/2026 04:21
51514af8-0a0e-40c2-a7e7-0d99463f3a3a,bayberry.fans,available,4.98,13.98,medium,low,8,namecheap,,,22/09/2026 17:18
ccd18366-d872-475a-b563-1bfb339e63bd,fixtures.fans,premium,51.95,103.7,medium,low,8,spaceship,,,30/09/2026 00:04
77012b71-86a4-4e3d-bb42-4b64811fca00,leased.fans,premium,65,130,high,low,6,namecheap,,,12/08/2026 02:50
31dafb80-16d7-44c2-ae82-d90b38345298,ingrown.fans,available,4.98,13.98,medium,low,7,namecheap,,,22/08/2026 04:56
4d623e2a-c0b4-4517-9a9e-e89b4bae135f,antonio.fans,premium,110,110,high,low,7,dynadot,,,28/09/2026 03:49
edcc6564-b7a8-46e2-a135-b822ef4cadce,minden.fans,premium,116,116,medium,low,6,namesilo,,,22/09/2026 15:29
4d96c868-f589-4af8-834b-ecb4b550e0c3,withal.fans,available,4.98,13.98,medium,low,6,namecheap,,,13/09/2026 18:51
56776a79-fdc3-43b4-aeef-269404acd63d,bakshish.fans,available,19.99,19.99,medium,low,8,name.com,,,21/09/2026 15:53
bacbc5c5-2cc8-443c-80bd-8b58ce4f7f7b,berit.fans,premium,53.92,53.92,high,low,5,namesilo,,,23/09/2026 09:27
f072d509-1d84-41b4-809c-dcee6fd2e4d3,riot.fans,premium,116,116,high,low,4,namesilo,,,24/09/2026 13:04
3cc5baa2-d401-4577-bf08-b7203326dbdb,homozygous.fans,available,4.98,13.98,medium,low,10,namecheap,,,21/08/2026 13:12
44f1f7cd-8d33-4982-b170-7d47b3c0a301,monterrey.fans,premium,,,medium,low,9,,,,28/09/2026 14:54
18feb5dd-28fe-423b-83b3-02e004becdc2,fingerless.fans,available,4.98,13.98,medium,low,10,namecheap,,,18/08/2026 04:55
61d743f9-5795-498f-be79-340f93c908b3,centrally.fans,available,4.98,13.98,medium,low,9,namecheap,,,14/09/2026 06:13
7e0994c3-8683-49b3-8dfa-36c3620e184f,tasking.fans,available,3.6,8.75,high,low,7,porkbun,,,01/10/2026 23:59
65583575-fe6d-4c54-8a3f-9ba213e85995,sudden.fans,premium,109.69,218.86,high,low,6,porkbun,,,28/09/2026 01:51
3d79d33c-7de9-4967-85ea-9762daf0967c,asbestos.fans,premium,116,116,high,low,8,namesilo,,,20/09/2026 12:54
712f9f4c-c899-4a24-aa95-77592a751c8d,performer.fans,premium,,,high,low,9,,,,28/09/2026 15:03
a0242d09-e68e-4230-b47d-6d4fff9c98cf,owning.fans,premium,53.92,53.92,medium,low,6,namesilo,,,20/09/2026 00:32
171e6d01-924c-4c86-827c-2cdbece215b6,controlled.fans,available,4.98,13.98,high,low,10,namecheap,,,23/09/2026 22:39
f87d4c6c-df1f-4ddc-9656-4ef168d6c4bd,flowers.fans,premium,116,116,high,medium,7,namesilo,,,
efc09af8-8b95-4ec7-b557-6418f3180dc6,intact.fans,available,4.98,13.98,high,low,6,namecheap,,,22/08/2026 07:49
f5f7c37d-f6cf-4c99-89b6-eb5a117b918e,metastatic.fans,available,4.98,13.98,medium,low,10,namecheap,,,24/08/2026 21:49
63fa886b-8585-4475-8d6f-e1fc4828f477,earthy.fans,available,4.98,13.98,high,low,6,namecheap,,,14/08/2026 17:31
09c9801e-0085-42e0-9ba3-35ab8340afa4,bunco.fans,available,4.98,13.98,medium,low,5,namecheap,,,14/09/2026 07:59
507e5e90-51d1-498c-842f-6b2b74b2279f,gustatory.fans,available,4.98,13.98,medium,low,9,namecheap,,,20/08/2026 21:07
2c3f5d01-2c65-446c-ac55-e273be7342fb,eyry.fans,available,4.98,13.98,high,low,4,namecheap,,,
005215b0-3f1a-4607-b74d-4fc0a2e781aa,affluent.fans,available,9.88,9.88,high,low,8,namesilo,,,21/09/2026 21:54
9c771301-bf39-4da9-8cf0-7120fad80f9a,contemplating.fans,available,9.88,9.88,low,low,13,namesilo,,,18/09/2026 04:50
33b62058-b5ef-4028-88f3-24706efb76ae,bale.fans,premium,53.92,53.92,medium,low,4,namesilo,,,21/09/2026 21:49
a568ea11-8317-4a63-bb76-7938513ce79e,monkish.fans,available,4.98,13.98,medium,low,7,namecheap,,,25/08/2026 04:53
b3bd1f66-a9a8-4241-898b-fb94e942b2c0,medium.fans,premium,53.92,53.92,high,low,6,namesilo,,,30/09/2026 05:58
86d438c8-9606-4f9c-b48a-8281b4b801d6,chamomile.fans,available,9.88,9.88,high,low,9,namesilo,,,19/09/2026 13:01
e41822b0-a231-4fac-834b-453cb480c64a,anapest.fans,available,4.98,13.98,medium,low,7,namecheap,,,19/09/2026 02:04
fbc9354d-3119-4197-af66-f7eda93912e6,observe.fans,premium,116,116,high,low,7,namesilo,,,25/09/2026 23:53
ebce1abd-b372-4a2a-85e9-f854cfc88755,cue.fans,premium,155.45,310.7,high,medium,3,spaceship,,,29/09/2026 13:01
f7b79322-eb75-4e2c-839d-38729ec2ceb7,randomly.fans,available,4.98,13.98,medium,low,8,namecheap,,,13/09/2026 20:35
a5a8722a-4ebb-43da-aa76-760975e6edbc,zimmerman.fans,premium,,,high,low,9,,,,27/09/2026 20:41
86f05aee-4ba5-403d-8567-63de5b1b803d,outsiders.fans,premium,53.92,53.92,high,low,9,namesilo,,,30/09/2026 00:41
d13723ad-ce9e-4c2c-8462-70cfc4404039,dazzled.fans,available,19.99,19.99,medium,low,7,name.com,,,13/08/2026 18:57
ff062df0-09f2-446a-a59e-aa8c00df3969,accomplish.fans,premium,51.95,103.7,high,low,10,spaceship,,,28/09/2026 06:55
8e9cd594-ddf6-4733-977b-8b5581fb9be4,ensemble.fans,premium,116,116,high,low,8,namesilo,,,16/09/2026 09:22
01e6ee26-1a81-4838-bbe4-b886c24acfee,agreements.fans,premium,53.92,53.92,medium,low,10,namesilo,,,17/09/2026 03:09
9b98e070-e5fd-4f91-ae31-784030c0cfb4,injure.fans,available,3.6,8.75,medium,low,6,porkbun,,,28/09/2026 11:07
13155988-77b0-47c0-a7bf-62221ecc3f4c,thayer.fans,premium,51.95,103.7,medium,low,6,spaceship,,,28/09/2026 08:07
74728579-6b50-4f7c-a66b-e677ba5d5c2c,showered.fans,available,9.88,9.88,medium,low,8,namesilo,,,20/09/2026 16:51
66964e8b-6804-482c-bbac-9bdce5abd2a0,ayin.fans,premium,116,116,high,low,4,namesilo,,,21/09/2026 10:38
00b470ba-35e6-452f-a975-f91b11e715cd,facilitating.fans,available,9.88,9.88,medium,low,12,namesilo,,,
2ba5c973-511f-4f3a-a58f-fac91cbe141e,linden.fans,premium,65,130,medium,low,6,namecheap,,,22/09/2026 12:37
d436b38a-71ca-4b8d-8ac9-e3c90a2ffc06,carambola.fans,available,9.88,9.88,medium,low,9,namesilo,,,21/09/2026 09:14
0022f223-f54b-4f78-9433-4858325c58c0,irb.fans,premium,384,384,medium,low,3,namesilo,,,29/09/2026 03:06
ea7109a3-6c35-4a8e-902f-5a5914256921,carmine.fans,premium,65,130,high,low,7,namecheap,,,10/08/2026 15:02
6318b0fc-4a06-4569-908a-72118103445f,medic.fans,premium,55,55,high,low,5,dynadot,,,29/09/2026 19:38
b221b45e-de53-4541-9997-dcc93ee818df,compress.fans,premium,26.08,51.95,high,low,8,spaceship,,,01/10/2026 19:02
56fc3588-f1fe-42b3-ae8e-cb89e9b34e34,vestiary.fans,available,4.98,13.98,medium,low,8,namecheap,,,13/09/2026 04:51
a11d9605-6de2-40ea-91a5-208cf29c2a2c,replace.fans,premium,51.95,103.7,high,low,7,spaceship,,,28/09/2026 01:47
aaa74089-5770-48fd-b89d-a944b9f204c8,windflower.fans,available,9.88,9.88,high,low,10,namesilo,,,19/09/2026 05:19
7acc739a-b507-4861-9975-1c5ba62362c2,taiwanese.fans,premium,65,130,high,low,9,namecheap,,,18/08/2026 12:14
409312c0-1bbc-4b7b-99bc-cf247e7af0c1,dispatch.fans,premium,53.92,53.92,high,low,8,namesilo,,,04/09/2026 00:56
e0526fb3-e08d-4b97-8c67-8879bf804b20,starved.fans,available,4.98,13.98,medium,low,7,namecheap,,,17/08/2026 13:45
cda9b696-d18b-4afb-9893-967a47f7467e,stung.fans,available,4.98,13.98,medium,low,5,namecheap,,,
0c327ba3-04fe-4be8-9c99-41cf18302ad5,digestible.fans,available,4.98,13.98,medium,low,10,namecheap,,,14/08/2026 07:14
88e133dc-15fe-46bc-aeb4-7077a2c0fb15,constable.fans,premium,116,116,high,low,9,namesilo,,,24/09/2026 17:31
b56c63e8-774f-44a0-9185-d178ec48bb7e,bea.fans,premium,640,640,high,low,3,namesilo,,,28/09/2026 07:37
32553ecc-a5e5-4db4-b39d-809143cc3abc,remembered.fans,available,9.88,9.88,high,low,10,namesilo,,,17/09/2026 12:04
b1a3605b-6c9b-416f-ab19-3cd93e573fc0,dinner.fans,premium,242,242,high,low,6,namesilo,,,29/09/2026 15:01
01298ea1-02d9-4e4c-a010-95c54bdec321,leger.fans,premium,242,242,medium,low,5,namesilo,,,16/09/2026 23:07
aeefae9c-c407-4c12-a54d-e6b421bda520,zipper.fans,premium,116,116,high,low,6,namesilo,,,01/10/2026 03:44
15f329de-5150-40d6-8e8e-20919799ac19,turning.fans,available,9.88,9.88,high,low,7,namesilo,,,26/09/2026 00:27
f12b1535-bcac-491d-b8dc-d44452a3f249,aconitum.fans,available,4.98,13.98,medium,low,8,namecheap,,,17/09/2026 02:06
7f745ce7-7f4a-472d-9847-6d6ea32d3132,glasshouse.fans,available,4.98,13.98,high,low,10,namecheap,,,20/08/2026 19:52
ab3861bd-d4cc-46c2-a35a-db9828ee672c,rarefied.fans,available,4.98,13.98,medium,low,8,namecheap,,,17/08/2026 15:44
0acde063-c164-43e1-8b50-cc00db625644,mcc.fans,premium,155.45,310.7,high,low,3,spaceship,,,27/09/2026 20:35
64aec6fb-d9c1-47fd-855f-7a784bfbc89b,hoodlum.fans,premium,32.5,65,high,medium,7,namecheap,,,09/09/2026 06:04
522b443f-0568-4492-9285-6ed2463fe5ff,gravelly.fans,available,4.98,13.98,medium,low,8,namecheap,,,20/08/2026 18:27
b5ed4746-d999-4047-a673-45794e57c6f2,babes.fans,premium,242,242,high,low,5,namesilo,,,01/10/2026 16:19
3d6bfab1-5373-4891-84ab-d34693930041,starkest.fans,available,9.88,9.88,low,low,8,namesilo,,,20/09/2026 22:48
40e87c80-5363-4c48-8b5e-284851c1a19a,bps.fans,premium,384,384,high,low,3,namesilo,,,23/09/2026 22:46
539c4649-ed66-47c3-bfde-31fd93daddba,additive.fans,premium,65,130,high,low,8,namecheap,,,
ad1c4f5b-2da1-4d38-a945-6c76c281db36,polish.fans,premium,130,260,high,low,6,namecheap,,,27/09/2026 04:22
42134e92-03f8-46f6-83a5-a58085490db9,lgbtq.fans,available,4.18,8.46,high,low,5,spaceship,,,02/10/2026 04:03
101e8834-ad12-460d-ba6b-578fdcf072e8,nazareth.fans,premium,55.11,109.69,medium,low,8,porkbun,,,01/10/2026 03:03
3e502ca7-f2f8-4046-b3de-a9b12f0fdf66,pat.fans,premium,384,384,high,low,3,namesilo,,,27/09/2026 03:00
235f93c8-ae13-485e-9015-921594b85544,angular.fans,premium,53.92,53.92,high,low,7,namesilo,,,22/09/2026 04:30
ca687c3d-bbf0-425b-9ee8-435426e4efb9,elizabeth.fans,premium,53.92,53.92,high,low,9,namesilo,,,25/09/2026 05:29
45e70d82-0d8f-4754-a19e-a5a65509dc87,age.fans,premium,384,384,high,low,3,namesilo,,,19/09/2026 07:13
03892ac4-fd25-49be-a340-5e1acca4c077,artiste.fans,available,4.98,13.98,high,low,7,namecheap,,,20/09/2026 11:55
326e88c3-15b0-417f-a762-8ef42edcae9c,grace.fans,premium,195,390,high,medium,5,namecheap,,,24/09/2026 21:11
91ca08ae-014c-4a47-a20c-53a6fe3645da,entertaining.fans,premium,,,high,low,12,,,,28/09/2026 07:00
13801e2b-a011-4d0f-b286-86f6fec6f63a,thighs.fans,available,9.88,9.88,medium,low,6,namesilo,,,30/09/2026 06:23
fd836c39-3214-44d9-ae3f-87c736a7c470,desai.fans,premium,103.7,207.2,high,low,5,spaceship,,,30/09/2026 12:39
ab5a7a19-4904-4a3a-b306-4be8a9e15cd5,consuming.fans,premium,32.5,65,high,low,9,namecheap,,,23/09/2026 21:22
2dd0ef05-c4cc-42c7-9d88-826ae94f5e96,pies.fans,premium,640,640,medium,low,4,namesilo,,,
8d1e4c65-fa0a-43a2-8f63-725ae1631482,reunite.fans,available,9.88,9.88,high,low,7,namesilo,,,01/10/2026 04:25
66ad1e12-f091-4704-b7c1-d6f91e2cac2f,induce.fans,premium,32.5,65,high,low,6,namecheap,,,30/09/2026 16:40
16468ce7-3779-48ce-a757-8d8da471f0c3,beekeeping.fans,premium,65,130,high,low,10,namecheap,,,19/09/2026 17:24
a8a31ef8-0253-4257-9971-87f25eaeb5a9,emigrants.fans,available,4.18,8.46,medium,low,9,spaceship,,,27/09/2026 11:26
21c14bdc-9d65-4b04-8fd1-9e86f92aa7ff,unduly.fans,available,4.98,13.98,medium,low,6,namecheap,,,16/09/2026 10:01
bea42996-740f-4c77-97ec-6986ef2c6b9a,ignatius.fans,premium,26.08,51.95,medium,low,8,spaceship,,,27/09/2026 14:14
cf1576d1-4920-425b-9b10-969282e01294,columnist.fans,premium,116,116,high,low,9,namesilo,,,29/09/2026 11:55
c7f9e60f-7d6e-4c34-a676-4eec7f9f681f,curb.fans,available,9.88,9.88,high,low,4,namesilo,,,18/09/2026 20:45
3ac08e98-f402-4a5c-bfaf-11deaede4904,amsterdam.fans,premium,116,116,high,low,9,namesilo,,,19/09/2026 00:08
ecceb4c9-7904-419e-9972-fa803c4e930e,cyprinid.fans,available,19.99,19.99,medium,low,8,name.com,,,13/08/2026 14:27
82d9277a-3f1c-4771-a231-d4ba095ccbe2,number.fans,premium,640,640,high,low,6,namesilo,,,25/09/2026 23:29
baa9fdd6-48ec-46e6-8dbf-833808f15a04,organism.fans,premium,26.08,51.95,high,low,8,spaceship,,,28/09/2026 15:00
c2dad544-21d2-48ab-a781-9e6707cf9fa7,angle.fans,premium,242,242,high,low,5,namesilo,,,25/09/2026 13:22
7917dfb2-ec96-46d3-abd7-7f892f14cda3,bent.fans,premium,32.5,65,medium,low,4,namecheap,,,09/08/2026 14:16
6607104b-8ce9-48aa-a107-1951ba1aae80,trophic.fans,available,4.98,13.98,medium,low,7,namecheap,,,11/09/2026 20:22
84fc3a77-86af-427a-b3f6-e588e977c260,does.fans,premium,140,280,medium,low,4,namecheap,,,
3daf54a3-a08d-4da4-b356-abfa0c88bf65,fourteen.fans,available,9.88,9.88,high,low,8,namesilo,,,21/09/2026 11:38
106c2864-d429-4968-a27f-a32da84bb3da,insects.fans,premium,116,116,medium,low,7,namesilo,,,28/09/2026 22:56
03112dc0-f2da-4c30-a56f-5aa0166f6ba2,unshaved.fans,available,4.98,13.98,medium,low,8,namecheap,,,12/09/2026 19:42
53559215-0b15-4b93-a8c6-6ec4b8335ab0,answer.fans,available,8.2,8.2,high,low,6,cloudflare,,,28/09/2026 21:32
1708269e-0709-4bbc-8392-ced51c92f1e1,eased.fans,available,4.98,13.98,high,low,5,namecheap,,,
5a5a9f83-b8d2-4a68-bdd4-4f12be83ab94,refuge.fans,available,4.98,13.98,high,low,6,namecheap,,,20/09/2026 18:32
97f161e3-3e1f-43a3-be2b-6aea1d6dc91b,strawberries.fans,premium,27.82,55.11,medium,low,12,porkbun,,,29/09/2026 23:41
15e548c5-75a9-492b-a59d-4bc7a095e7f6,monkshood.fans,available,9.88,9.88,medium,low,9,namesilo,,,17/09/2026 02:11
e3cab8f7-4239-4b1b-923e-d9b3cb010c25,complication.fans,premium,53.92,53.92,medium,low,12,namesilo,,,29/09/2026 23:25
a1c5cb1c-7243-4923-a694-ec5d1a7f280e,psychiatry.fans,premium,51.95,103.7,high,low,10,spaceship,,,29/09/2026 20:04
8be8411a-b1fb-4b9d-8ae9-ff865b1e0563,sartorial.fans,available,4.98,13.98,high,medium,9,namecheap,,,09/09/2026 21:32
0e1b06c6-4a4f-46d5-9ed7-9ff800ac3436,arizonan.fans,available,9.88,9.88,medium,low,8,namesilo,,,20/09/2026 06:05
23a8c3be-a4ec-4b24-873f-2db15c1fda80,familiar.fans,premium,53.92,53.92,high,low,8,namesilo,,,24/09/2026 16:30
0e14c0a5-cf2b-4374-9eb0-cbdcf778be2b,headfirst.fans,available,4.98,13.98,medium,low,9,namecheap,,,21/08/2026 01:52
069286a5-b98c-46f4-8988-0281d7102888,calculous.fans,available,4.98,13.98,medium,low,9,namecheap,,,11/08/2026 14:05
702fa977-bbbd-4209-b16e-66d0be69d5ad,betwixt.fans,available,4.98,13.98,medium,low,7,namecheap,,,14/09/2026 00:01
979721c0-6b61-456e-93e6-268c38a323a8,filaria.fans,available,9.88,9.88,medium,low,7,namesilo,,,18/09/2026 06:14
d42b3dde-f2ad-4c93-accc-08d2bd4a2b12,flashing.fans,premium,65,130,medium,low,8,namecheap,,,28/09/2026 19:14
6656d492-e606-467c-81b2-8707a39f1771,ebenezer.fans,premium,55,55,high,low,8,dynadot,,,30/09/2026 20:11
8e4a5051-87c7-40fa-bf1d-c4de05123a0f,poker.fans,premium,362.45,724.7,high,medium,5,spaceship,,,29/09/2026 19:21
09a4313e-f0fb-4059-bc49-242c711a7772,midlothian.fans,available,4.18,8.46,medium,low,10,spaceship,,,30/09/2026 21:02
819a0e6a-cd10-43c7-b3d6-146312e52639,timorese.fans,available,4.98,13.98,medium,low,8,namecheap,,,11/09/2026 16:04
45a34961-3fb8-407c-b110-0461aaa3883f,islands.fans,premium,53.92,53.92,high,low,7,namesilo,,,
1cd63f2c-2064-4858-a848-3f56ace7a807,pesticide.fans,premium,41.68,82.83,high,low,9,porkbun,,,01/10/2026 21:15
7d546616-8b99-45ec-9f98-0fcc76f75353,distraction.fans,available,8.2,8.2,medium,low,11,cloudflare,,,28/09/2026 16:54
d6d9841b-a1e6-456f-a3f7-acb9b9d51b7a,matey.fans,available,4.98,13.98,high,low,5,namecheap,,,12/08/2026 07:40
1179fd68-e6a2-407a-a924-0f255fb78a66,circinate.fans,available,4.98,13.98,high,low,9,namecheap,,,
4108051d-99f6-4d6a-aeac-59b26cc3d3fc,diverted.fans,premium,32.5,65,medium,low,8,namecheap,,,
39c5e046-abf7-4953-824d-0136ce34927b,newton.fans,premium,51.95,103.7,high,low,6,spaceship,,,30/09/2026 00:24
da5b30f0-1a7e-40ca-a9e6-dc014de14b59,perverse.fans,available,4.98,13.98,medium,low,8,namecheap,,,14/08/2026 02:31
8349a493-411f-4e32-bc6b-3a4df55de863,palpebrate.fans,available,9.88,9.88,medium,low,10,namesilo,,,05/09/2026 00:15
438e51ea-4489-4a0e-8e82-819f878cd45e,dehydration.fans,available,8.2,8.2,medium,low,11,cloudflare,,,30/09/2026 23:19
f15b9851-5451-4acf-99b9-f1feb2f69a79,rappahannock.fans,available,8.78,8.78,medium,low,12,dynadot,,,30/09/2026 22:09
01dfd55b-fd36-434a-ae8a-d1f4c6e16fb8,homo.fans,premium,32.5,65,high,low,4,namecheap,,,18/08/2026 20:57
8b0a6b76-fde1-4e2f-ae8d-d265fd5be0e9,webber.fans,available,4.18,8.46,medium,low,6,spaceship,,,29/09/2026 15:02
e59aa784-8042-46fc-97db-8e496b693beb,committees.fans,available,4.98,13.98,medium,low,10,namecheap,,,20/09/2026 09:05
c0d22363-0b26-4936-a382-09d996c41ab9,flee.fans,available,4.18,8.46,high,low,4,spaceship,,,30/09/2026 19:54
f1ae8c31-46a2-4a2d-aa1b-3a0e983b65a3,ken.fans,premium,640,640,high,low,3,namesilo,,,30/09/2026 02:05
38839a30-d8f9-41e7-88c0-6d7ed9c70858,yen.fans,premium,130,260,high,low,3,namecheap,,,29/09/2026 07:09
ace53bbd-7f72-4ea5-8199-c802e5e859b7,dazzlingly.fans,available,4.98,13.98,medium,low,10,namecheap,,,14/09/2026 10:58
bcdd7df1-6ae3-450a-a109-283ce98c89e4,barnes.fans,premium,32.5,65,high,low,6,namecheap,,,25/09/2026 21:08
90cb51ea-9a65-4c93-9b4b-9157d3996d29,beefsteak.fans,available,9.88,9.88,high,low,9,namesilo,,,23/09/2026 01:15
1edc4053-0501-4aee-b8db-051b1ef920a9,hempen.fans,available,4.98,13.98,medium,low,6,namecheap,,,18/08/2026 03:20
961a71cf-4cb3-4d98-a9d5-6c487a8fc637,columbo.fans,available,,,medium,low,7,,,,18/09/2026 19:32
b927d0d0-e03f-4bd6-97e2-82dbf4de8d47,lightweight.fans,available,9.88,9.88,high,low,11,namesilo,,,01/10/2026 08:07
98e66570-6a27-4200-baad-96a6fe8cae49,upon.fans,premium,258.95,517.7,medium,low,4,spaceship,,,01/10/2026 01:32
f04e1bf3-43d4-4871-bcb7-c72fda6b2f82,untrained.fans,available,4.98,13.98,medium,low,9,namecheap,,,12/09/2026 21:40
4d802118-5217-46a4-b189-7d49e8ac9e61,outlook.fans,premium,116,116,high,high,7,namesilo,,,29/09/2026 18:37
54750422-4d9a-4640-82aa-03233bd9834a,fruitful.fans,available,4.98,13.98,high,low,8,namecheap,,,18/08/2026 17:02
02b2ed33-f13a-4d39-9899-dd3b590e8a1d,alocasia.fans,available,9.88,9.88,medium,low,8,namesilo,,,18/09/2026 12:56
358c5105-2afe-4d79-94dd-05c8e59d0bf7,deft.fans,available,4.98,13.98,high,low,4,namecheap,,,13/08/2026 23:50
d8aad6cc-530d-4de4-9565-47b4d078854a,surveillance.fans,premium,53.92,53.92,high,low,12,namesilo,,,27/09/2026 08:40
ded27f1c-3b87-4ac3-80d9-dad82b659383,conjoined.fans,available,4.98,13.98,medium,low,9,namecheap,,,12/08/2026 22:03
fd02f5a0-a023-4135-97d2-c3fe53156075,junior.fans,premium,384,384,high,low,6,namesilo,,,25/09/2026 12:12
a3357df1-1a59-4734-af49-3283ad0b86ec,manila.fans,premium,65,130,high,low,6,namecheap,,,29/09/2026 07:06
c9e545a0-f4b2-4617-a8e4-8236d8ad5a39,zombies.fans,premium,116,116,medium,low,7,namesilo,,,18/09/2026 03:58
5d26f1f7-a8f7-4bfa-8b8a-c1870648c2aa,plo.fans,premium,103.7,207.2,medium,low,3,spaceship,,,28/09/2026 10:40
5dc8167c-e864-45b3-bbed-4aa35e467a44,scarf.fans,premium,325,650,high,low,5,namecheap,,,28/09/2026 20:23
b605caa6-d1e9-44b1-b0a8-7848c7abe1a9,siege.fans,available,9.88,9.88,high,low,5,namesilo,,,23/09/2026 04:50
0a97cdf9-effb-46ea-81b2-8b86dee381bb,oxygen.fans,premium,220,220,high,low,6,dynadot,,,28/09/2026 23:01
aee5528c-63ec-4603-8dcf-af3dc71afd23,bom.fans,premium,103.7,207.2,high,medium,3,spaceship,,,01/10/2026 04:43
e9e8055a-9600-486d-ac4a-fcf79b062c66,cyborg.fans,available,4.98,13.98,high,low,6,namecheap,,,23/09/2026 18:37
e9060612-b974-42fd-b2e9-84cdd9772a68,ligament.fans,available,9.88,9.88,high,low,8,namesilo,,,30/09/2026 10:27
aa8f5a81-b37b-48a0-a2c3-0990e2d13866,altering.fans,premium,32.5,65,high,low,8,namecheap,,,18/09/2026 14:47
e12e4f5c-b982-440b-8ab6-6f21d132c40a,woodbridge.fans,available,9.88,9.88,high,low,10,namesilo,,,28/09/2026 16:49
62026899-f177-4d5f-917e-57221393a34e,moose.fans,premium,116,116,high,low,5,namesilo,,,18/09/2026 03:57
e7cb1ab0-9e4b-4ffe-87da-4932c293cb75,scoops.fans,premium,116,116,medium,low,6,namesilo,,,20/09/2026 12:19
73c6e00d-1c60-42e7-b499-1c53d925a156,eva.fans,premium,242,242,high,medium,3,namesilo,,,25/09/2026 14:38
62f5dc31-b397-4ff3-9189-e5593ed019a1,correlation.fans,premium,,,high,low,11,,,,30/09/2026 22:57
f920aeb8-becb-4e2e-befd-5ff4eb70306b,delusory.fans,available,4.98,13.98,low,low,8,namecheap,,,13/08/2026 21:18
ceea7fd9-05a9-41cc-b5a1-6ae8baa42690,yeoman.fans,premium,65,130,medium,low,6,namecheap,,,23/09/2026 01:07
a5f69635-f05f-4ef6-8f8c-9ec23d40b20e,miscible.fans,available,4.98,13.98,medium,low,8,namecheap,,,25/08/2026 01:23
267bbca7-50e6-4e87-9936-8ee029ce0de1,greatly.fans,premium,53.92,53.92,high,low,7,namesilo,,,28/09/2026 15:04
b435b07b-549f-432c-8517-eed52270c451,earmark.fans,available,4.98,13.98,medium,low,7,namecheap,,,06/08/2026 09:08
382b2b92-7748-45b8-bf8c-3dadd6f38f26,glary.fans,premium,32.5,65,medium,low,5,namecheap,,,10/08/2026 13:49
8655e283-1d82-4f2e-b9e6-0ba3cd0936e9,senseless.fans,premium,65,65,medium,low,9,namecheap,,,03/09/2026 17:48
a5adeb33-33f6-443a-a599-28e20a9a14d1,corregidor.fans,available,9.88,9.88,medium,low,10,namesilo,,,22/09/2026 13:13
24f26578-2930-49b2-96bc-39c9aa85624b,lately.fans,premium,69.99,,medium,low,6,name.com,,,28/09/2026 16:06
772b29e3-ae8b-4dda-a88a-d324b2df51cb,foodless.fans,available,4.98,13.98,medium,low,8,namecheap,,,18/08/2026 10:26
715e8d77-1351-4835-8a6f-94908b915573,terrorists.fans,available,9.88,9.88,low,low,10,namesilo,,,27/09/2026 03:16
62a4d856-fbb9-4378-8dff-5cf1993698be,trustful.fans,available,4.98,13.98,high,low,8,namecheap,,,11/09/2026 20:45
3927f7c0-85b7-4fa6-95ca-484d174387d4,dis.fans,premium,384,384,high,low,3,namesilo,,,24/09/2026 22:25
9533f03a-d521-4bcd-94c8-5e1dcd84ea03,deductible.fans,available,4.98,13.98,medium,low,10,namecheap,,,13/08/2026 22:27
31f444da-c9a2-4f96-a613-a2072345b2a9,warburg.fans,available,9.88,9.88,medium,low,7,namesilo,,,16/09/2026 19:40
e88849d0-192d-4afc-87dc-e31d5ebb443d,reasonable.fans,premium,116,116,high,low,10,namesilo,,,24/09/2026 16:20
5764b892-52f8-47fd-9d4e-bac2d2f746e4,eviction.fans,premium,116,116,high,low,8,namesilo,,,24/09/2026 17:35
fbaa08e1-d72f-482d-9261-679f77b636d0,triassic.fans,available,4.98,13.98,medium,low,8,namecheap,,,11/09/2026 19:21
c2aa8780-899d-497e-8dd7-a7a1dc630552,tip.fans,premium,242,242,high,low,3,namesilo,,,25/09/2026 13:19
bf93b559-f5d8-47c7-bc3a-c3ecc2e21ed6,switched.fans,available,9.88,9.88,medium,low,8,namesilo,,,27/09/2026 09:43
b3317ea2-802f-4ae9-9d8c-426589bf7412,canary.fans,premium,65,130,high,low,6,namecheap,,,11/08/2026 16:10
41081b60-6ecf-49dd-b653-902de77734ab,gloaming.fans,available,4.98,13.98,medium,low,8,namecheap,,,11/09/2026 21:41
a3de968c-2281-4f44-8d38-3b60fec45d5c,knees.fans,available,19.99,19.99,medium,low,5,name.com,,,17/09/2026 07:20
de4429f5-85d8-4538-a233-e56a6094ef9e,doctrine.fans,premium,26.08,51.95,high,low,8,spaceship,,,02/10/2026 05:33
80f9d539-ee05-40ad-b781-c59a57989bcb,refugee.fans,available,3.6,8.75,high,low,7,porkbun,,,28/09/2026 20:17
c8f93649-c405-4765-b7b4-e529ac737a62,bohme.fans,premium,53.92,53.92,medium,low,5,namesilo,,,23/09/2026 03:34
fd0b19f4-1cae-44ff-b55a-5db03f163820,maxwell.fans,premium,26.08,51.95,high,low,7,spaceship,,,28/09/2026 06:04
44bb454c-c2b0-4978-9e75-1adf1423a904,graphical.fans,premium,32.5,65,high,low,9,namecheap,,,20/08/2026 18:11
c05cec9a-da7b-46a3-89ed-460351fda063,schuyler.fans,premium,51.95,103.7,medium,low,8,spaceship,,,28/09/2026 04:05
8f1feb79-ff23-4ef2-b563-4050c942de99,biter.fans,available,4.98,13.98,medium,low,5,namecheap,,,23/09/2026 22:27
48f40384-e22f-44cf-b5d4-05d16fb22429,honda.fans,premium,195,390,high,high,5,namecheap,,,30/09/2026 12:03
37b239af-0ef0-4890-bd70-e5a104acf5ae,mckim.fans,available,8.78,8.78,medium,low,5,dynadot,,,01/10/2026 18:57
85384de3-3c1c-46fa-8999-f7152e7ad35a,alter.fans,premium,26.08,51.95,high,low,5,spaceship,,,28/09/2026 08:03
301c4710-2c2c-428d-bca5-19b3e916ce1f,mediatory.fans,available,4.98,13.98,medium,low,9,namecheap,,,24/08/2026 18:55
6673852f-cb2b-4034-86da-e0bae69ffbdf,issuer.fans,available,4.18,8.46,high,low,6,spaceship,,,30/09/2026 10:16
25206829-0ce2-4e5e-85ed-cad3674589f4,lorenz.fans,premium,,,high,low,6,,,,28/09/2026 10:12
449a18b2-71cf-4641-8b8c-8c3490ae92a9,knobby.fans,available,4.98,13.98,medium,low,6,namecheap,,,22/08/2026 16:29
8a6a4dbe-0596-4cfc-a49a-52cb80ba7952,manuscripts.fans,available,8.2,8.2,medium,low,11,cloudflare,,,01/10/2026 13:13
04cbe34d-688a-4db3-b800-83bd6e58a46c,thundered.fans,available,4.98,13.98,medium,low,9,namecheap,,,20/09/2026 16:05
a1c82f60-bb9d-4883-9a50-e62a770c2fff,respondent.fans,available,9.88,9.88,high,low,10,namesilo,,,22/09/2026 05:39
8053a755-3224-4cc5-ab59-0ae09578dda1,yang.fans,premium,258.95,517.7,high,low,4,spaceship,,,30/09/2026 19:08
9711f11b-7eb9-499f-95a2-05ea60996a4e,lombard.fans,premium,26.08,51.95,high,low,7,spaceship,,,02/10/2026 05:34
2f5ff792-fa88-42ae-a5eb-6f725e7c48bb,relics.fans,available,4.98,13.98,medium,low,6,namecheap,,,18/09/2026 20:08
2bff31aa-040a-432c-bbcc-8d9e6c29d279,cleavage.fans,available,9.88,9.88,high,low,8,namesilo,,,24/09/2026 15:29
c9b35411-859f-4748-997d-5eb7617d8816,equipment.fans,premium,116,116,high,low,9,namesilo,,,01/10/2026 12:31
73a3c9bb-b2bd-4b21-9270-b5180676fa1a,jeffrey.fans,premium,65,130,high,low,7,namecheap,,,25/09/2026 13:36
3a1dda0e-c18b-4e84-a95a-39929668907f,mound.fans,premium,53.92,53.92,medium,low,5,namesilo,,,29/09/2026 06:29
6c3c02f2-ba2a-47ba-b43c-eea618e10615,nac.fans,premium,384,384,high,low,3,namesilo,,,29/09/2026 13:31
c0681141-9700-49de-abf7-5ff4e622ed08,humble.fans,premium,53.92,53.92,high,low,6,namesilo,,,22/09/2026 17:44
4e506058-1cff-4c8d-b841-0df2fdfd87a0,unburied.fans,available,4.98,13.98,medium,low,8,namecheap,,,12/09/2026 04:40
4cd3c697-5b58-4e5b-b14e-5a1177ce3dfa,muskegon.fans,available,4.18,8.46,high,low,8,spaceship,,,29/09/2026 10:06
b017bb58-ee17-4418-aad3-fc91a7ab85a4,polygons.fans,available,4.18,8.46,medium,low,8,spaceship,,,29/09/2026 17:57
c1fcd06d-2b91-49f4-9d7c-4e032da59677,draconian.fans,available,4.98,13.98,medium,low,9,namecheap,,,14/08/2026 18:10
b5119ac7-0a8d-441a-8632-5160f8b8f4eb,postmodern.fans,available,4.98,13.98,high,low,10,namecheap,,,09/09/2026 00:29
4180c09f-6c14-4597-8843-d8790519944f,strangely.fans,available,4.98,13.98,medium,low,9,namecheap,,,14/09/2026 20:38
d56b0ee3-a748-4e6b-9ded-a670763db3f9,angel.fans,premium,330,330,high,medium,5,dynadot,,,28/09/2026 21:23
28906993-7c31-413d-a592-01ced60143d4,lds.fans,premium,155.45,310.7,high,low,3,spaceship,,,28/09/2026 08:25
54f93869-d260-41c0-8c18-dc0eb8b4a068,fain.fans,available,4.98,13.98,high,low,4,namecheap,,,14/08/2026 12:05
30a639e4-7aff-4d77-a27e-cb782625aed3,blueberries.fans,premium,116,116,high,low,11,namesilo,,,17/09/2026 17:28
574b65eb-3a67-436d-aec8-a652701abcc0,trustees.fans,available,4.18,8.46,medium,low,8,spaceship,,,29/09/2026 23:08
00545046-e81b-4305-9c46-63cb42cd8227,arista.fans,premium,53.92,53.92,high,high,6,namesilo,,,20/09/2026 05:45
8fc5d16f-4292-4378-94e8-12917eb299d9,aviary.fans,premium,32.5,65,high,low,6,namecheap,,,21/09/2026 09:22
b98c6cf2-b15f-4ba4-9552-ac2ee4cf9aa0,arhant.fans,available,4.98,13.98,medium,low,6,namecheap,,,20/09/2026 05:07
cfaa1eec-1ebb-47d2-b422-8feafd5e263e,notably.fans,available,4.98,13.98,medium,low,7,namecheap,,,15/09/2026 16:54
c56a86e3-220e-4abf-8658-f8faee903472,phoenician.fans,available,4.98,13.98,high,low,10,namecheap,,,08/09/2026 19:00
42fc3359-a34b-4e69-8528-e007c9d4e852,synthetic.fans,available,4.98,13.98,high,low,9,namecheap,,,11/08/2026 23:35
412d5045-1c8a-4cfb-a524-d2d8b93576de,whipping.fans,available,4.98,13.98,medium,low,8,namecheap,,,22/08/2026 20:12
875fe710-0c76-4680-a16f-8de501972b0e,amity.fans,premium,53.92,53.92,high,low,5,namesilo,,,18/09/2026 21:57
1fb157f4-fc5f-4247-bb5b-0932ec8f9f0a,tendered.fans,available,9.88,9.88,medium,low,8,namesilo,,,20/09/2026 16:36
0e06d314-7719-4510-9fdf-7b0deb782d9e,fink.fans,available,4.98,13.98,high,medium,4,namecheap,,,11/08/2026 16:11
4dbbad52-4ca0-417a-97b6-237cadb40712,tenanted.fans,available,4.98,13.98,medium,low,8,namecheap,,,11/09/2026 11:09
d13ec301-5250-48b0-abb8-86c2909aaecb,herewith.fans,available,4.98,13.98,medium,low,8,namecheap,,,15/09/2026 00:27
a3cda51f-1f74-4042-8f17-312f11fcec64,passionate.fans,premium,53.92,53.92,high,low,10,namesilo,,,27/09/2026 02:53
e8585381-84f4-4abb-8af2-0303ab7db932,ballad.fans,available,4.98,13.98,high,low,6,namecheap,,,22/08/2026 21:27
c70f6ac5-c1d1-42fe-b90c-8b83110e28ec,usable.fans,premium,65,130,high,low,6,namecheap,,,12/09/2026 23:59
91eb3f94-4dec-4289-ae43-12ef9f9c5ea8,crouch.fans,available,4.98,13.98,medium,low,6,namecheap,,,10/09/2026 17:37
203294fa-600b-4aaf-ae6f-0df28545fab5,nin.fans,premium,640,640,high,low,3,namesilo,,,01/10/2026 22:17
ea7d2c68-d439-4983-b3b9-159f13128ac1,terrence.fans,premium,51.95,103.7,medium,low,8,spaceship,,,29/09/2026 21:50
6851c5eb-676c-4450-8b64-47c5e4be45f0,valiantly.fans,available,9.88,9.88,medium,low,9,namesilo,,,16/09/2026 10:36
cfa17099-0f14-4995-ad5a-7920fa9e0db9,spaceward.fans,available,9.88,9.88,medium,low,9,namesilo,,,16/09/2026 05:42
07dd5c64-4cbd-4d18-ac09-0c746ce40e8f,aeriform.fans,available,4.98,13.98,medium,low,8,namecheap,,,
c5c1d652-bb05-4e88-8fac-da68beeec1b4,southwark.fans,available,4.18,8.46,medium,low,9,spaceship,,,29/09/2026 09:21
580b5a38-3087-446b-aa63-de72f2a27944,digitally.fans,available,8.78,8.78,high,low,9,dynadot,,,01/10/2026 20:08
96c298f6-caf3-4fef-9c17-7e9c264f9138,abutter.fans,available,4.98,13.98,medium,low,7,namecheap,,,16/09/2026 19:36
73b4ca89-433f-4cdf-8a49-f48663f5838d,decrease.fans,premium,53.92,53.92,medium,low,8,namesilo,,,29/09/2026 00:39
c8175b71-dbd7-4005-81cf-2f4ec079b770,armada.fans,available,9.88,9.88,high,low,6,namesilo,,,28/09/2026 22:05
e66be5ec-1797-400e-bca3-79ab4ab81c31,racetrack.fans,premium,51.95,103.7,high,low,10,spaceship,,,30/09/2026 18:25
dda1aa2e-2554-4324-b6b4-4ab85ce48e31,presto.fans,premium,195,390,high,medium,6,namecheap,,,09/09/2026 01:44
ef7c0a3a-1b26-4ee6-a9ef-20017aa78cee,fulfillment.fans,available,9.88,9.88,high,low,11,namesilo,,,29/09/2026 23:14
5cec1f10-4cf7-4180-90bb-b3d50ee6a49c,antrim.fans,premium,103.7,207.2,medium,low,6,spaceship,,,28/09/2026 16:38
7bda4d4b-e7da-4c1c-98ae-d9c17b5c40e3,lxxxii.fans,available,4.98,13.98,medium,low,6,namecheap,,,
9af1fd45-6e3b-448e-af82-64fcb9736529,unfed.fans,available,4.98,13.98,medium,low,5,namecheap,,,12/09/2026 10:04
16a806cb-424e-4e8f-91f1-26f3299096e3,baldr.fans,available,4.98,13.98,medium,low,5,namecheap,,,21/09/2026 21:35
a27bc037-66c6-4946-b5f9-7ae2449187ac,molar.fans,available,4.98,13.98,high,low,5,namecheap,,,25/08/2026 03:38
3afb4767-5783-4ecb-a34a-3627441eeb49,afferent.fans,available,4.98,13.98,high,low,8,namecheap,,,
117b533a-82eb-4f12-9779-715c9152af44,cancer.fans,premium,640,640,high,medium,6,namesilo,,,29/09/2026 06:28
2c31ece7-b8a0-4a7b-85af-d04dba8e301d,turns.fans,available,9.88,9.88,medium,low,5,namesilo,,,18/09/2026 14:48
8159461c-4d88-4d85-ab10-fa91bd444a47,nestling.fans,available,4.98,13.98,high,low,8,namecheap,,,25/08/2026 00:18
5ea2593b-afdb-415f-8967-f6469c1b1761,lice.fans,premium,,,low,low,4,,,,29/09/2026 23:05
ef78b76f-45df-4f77-b2a0-72e84993c02d,corrupted.fans,premium,53.92,53.92,medium,low,9,namesilo,,,23/09/2026 23:59
6371d429-50e1-4f3f-afe2-fa52e64a4aaf,wrap.fans,premium,242,242,high,low,4,namesilo,,,26/09/2026 00:32
89ae75d2-86f5-4bc0-8c95-aed0dabcb48a,soy.fans,premium,220,220,high,low,3,dynadot,,,29/09/2026 12:51
932c9c04-1167-47ca-9b57-61ebc72377f8,arrived.fans,available,9.88,9.88,medium,low,7,namesilo,,,17/09/2026 14:03
7a3c5097-0e75-45c6-8051-d0b9cedb47bd,groove.fans,premium,32.5,65,high,low,6,namecheap,,,28/09/2026 05:49
6a4c59ae-b9c0-4870-a66c-f4ef01213027,revery.fans,available,9.88,9.88,high,low,6,namesilo,,,17/09/2026 21:59
717b38cd-3368-44f4-a43c-2a9d2068818b,moderator.fans,premium,55.11,109.69,high,low,9,porkbun,,,30/09/2026 04:50
99ed10c3-9aec-4272-a0d1-b5cdafd6b2a9,acorus.fans,available,9.88,9.88,medium,low,6,namesilo,,,17/09/2026 02:25
35136a99-6c1a-49bc-a0eb-0a26febe7120,verifiable.fans,available,4.98,13.98,high,low,10,namecheap,,,12/08/2026 20:51
478c50fd-0acf-48b7-952a-ae21f0774301,turnovers.fans,available,9.88,9.88,medium,low,9,namesilo,,,19/09/2026 22:02
921bb4b9-ed22-4773-904b-5a1c1933fc81,reversion.fans,available,4.98,13.98,high,low,9,namecheap,,,09/09/2026 16:19
a15c5c04-63ca-47f6-bc3e-f6f8620d971f,abaya.fans,available,19.99,19.99,medium,low,5,name.com,,,16/09/2026 14:18
af36a3ad-6c94-4261-b5d6-741c73950851,annotation.fans,premium,53.92,53.92,high,low,10,namesilo,,,19/09/2026 10:38
b9e4d15d-5479-4ee9-af3e-6d25e4b5f565,adaption.fans,available,9.88,9.88,medium,low,8,namesilo,,,17/09/2026 06:32
c5bba42a-443b-4528-a41f-980eebb99e59,cer.fans,premium,,,high,low,3,,,,30/09/2026 16:38
49aad458-c16b-46fa-9129-70f758fd48e9,personnel.fans,available,9.88,9.88,high,low,9,namesilo,,,27/09/2026 15:14
fa41a17a-223d-4166-9329-21032677bab8,ownership.fans,premium,110,110,high,low,9,dynadot,,,28/09/2026 15:02
c5cceccb-08df-4c15-95df-bd6538dd73ca,aplite.fans,available,9.88,9.88,medium,low,6,namesilo,,,19/09/2026 17:42
0c7a654e-570a-40f3-a92f-ade0079f25be,rhomboidal.fans,available,4.98,13.98,medium,low,10,namecheap,,,09/09/2026 16:49
9641313e-7172-4d3d-a1b7-593a38611d5c,lapplander.fans,available,4.98,13.98,high,medium,10,namecheap,,,09/09/2026 21:05
8db07b76-4737-49a6-93ec-fd7868c4c728,cite.fans,premium,103.7,207.2,high,low,4,spaceship,,,01/10/2026 18:58
5d254a61-66e6-46f5-98e5-63d476361f73,plucked.fans,available,4.98,13.98,medium,low,7,namecheap,,,08/09/2026 21:28
cc2db9d6-98b8-421a-a6ca-923dbc22d1cd,perdurable.fans,available,4.98,13.98,medium,low,10,namecheap,,,08/09/2026 16:24
8fdd6a2f-0b3b-460d-895d-1e8eefbb9977,spades.fans,available,8.2,8.2,high,low,6,cloudflare,,,30/09/2026 14:16
f767c368-3af2-492d-b8b4-22a6893e0655,appalachia.fans,available,9.88,9.88,medium,low,10,namesilo,,,19/09/2026 19:44
ff5fa516-f511-44ca-9062-74820f46caf4,hoe.fans,premium,384,384,high,low,3,namesilo,,,01/10/2026 02:37
f0c50c7d-6901-4b17-894e-36a77f07b7a2,theocratic.fans,available,4.98,13.98,medium,low,10,namecheap,,,11/09/2026 12:52
e1261e17-3aeb-49e1-a8a9-9f9bac076cef,offenses.fans,available,9.88,9.88,low,low,8,namesilo,,,20/09/2026 10:35
107bc554-e423-49df-9685-11ff8bd79dc5,ferment.fans,available,4.98,13.98,high,medium,7,namecheap,,,10/09/2026 14:45
5d1cb10c-e18a-4e2e-a37b-a565a46a1f75,thundery.fans,available,19.99,19.99,medium,low,8,name.com,,,13/08/2026 19:58
2c9c2acd-2727-402e-81a0-33d3b513c446,virtues.fans,available,9.88,9.88,medium,low,7,namesilo,,,29/09/2026 16:33
92ba2d26-87b5-45c7-bc57-1921faa63041,precipitous.fans,available,9.88,9.88,medium,low,11,namesilo,,,
fac5362f-835d-43f5-953b-f129b216f3df,generating.fans,available,9.88,9.88,medium,low,10,namesilo,,,
4e13b359-6551-4cce-a50b-e9f5e9e9770f,sacking.fans,available,19.99,19.99,medium,low,7,name.com,,,21/09/2026 18:04
44c3d4c2-6a38-4900-874c-1a1e7a500da1,isu.fans,premium,384,384,high,low,3,namesilo,,,29/09/2026 21:42
f745a3c9-1cc2-474e-ae83-bdfbcf4b4620,typewriters.fans,premium,53.92,53.92,medium,low,11,namesilo,,,21/09/2026 07:13
2aad0509-f498-4945-8fb7-b07a5221fb71,manassas.fans,available,9.88,9.88,medium,low,8,namesilo,,,29/09/2026 22:10
edd473fe-c0e5-4bb4-9e4f-98627f4e0eeb,elijah.fans,premium,53.92,53.92,high,low,6,namesilo,,,29/09/2026 12:10
ff55f7d1-c16b-48dc-82bd-e3f5413514ad,abrasion.fans,available,9.88,9.88,medium,low,8,namesilo,,,16/09/2026 16:56
bdb552d6-d131-4efa-9958-2fabd710cbe0,grindle.fans,available,4.98,13.98,medium,low,7,namecheap,,,18/09/2026 21:21
fa3b430c-bcaf-4e67-91af-c93b85e4857a,wad.fans,premium,195,390,high,low,3,namecheap,,,25/08/2026 00:49
00e8d231-28a9-4675-8f40-7f3fae741c80,guileless.fans,available,4.98,13.98,medium,low,9,namecheap,,,20/08/2026 20:48
b366166c-0cc0-42c2-83cc-b13637768654,dolorous.fans,available,4.98,13.98,medium,low,8,namecheap,,,14/08/2026 15:30
5233f5be-26ca-4303-ae21-f2877dbae92d,before.fans,premium,242,242,high,low,6,namesilo,,,21/09/2026 23:34